precinct,2022_D_pct,2022_R_pct,2022_D_ratio,2022_R_ratio,2022_D50,2022_R50,2022_margin50,2026_D_pct,2026_R_pct,2026_D_ratio,2026_R_ratio,2026_D50,2026_R50,2026_margin50,D50_swing,margin50_swing
1001,50.74309978768577,49.25690021231423,1.270110953827857,0.8202880910021643,60.759258236799226,39.240741763200774,21.518516473598453,69.20415224913495,30.79584775086505,1.209670222070362,0.719682274532531,62.69824846420178,37.301751535798225,25.396496928403558,1.9389902274025559,3.8779804548051047
1005,94.65648854961832,5.343511450381679,2.3692727377866483,0.08898689905350537,96.3800854181583,3.619914581841693,92.7601708363166,96.15384615384616,3.8461538461538463,1.680743722011224,0.0898825312618416,94.92368696693102,5.07631303306898,89.84737393386203,-1.4563984512272867,-2.9127969024545735
1008,84.76190476190476,15.238095238095237,2.121609128253036,0.25376400056618675,89.31687836797538,10.683121632024633,78.63375673595074,86.04651162790698,13.953488372093023,1.5040701958835325,0.32608546225226254,82.18263780992187,17.81736219007812,64.36527561984374,-7.134240558053506,-14.268481116106997
1010,69.6078431372549,30.392156862745097,1.7422996311000645,0.5061285673057218,77.4896717776185,22.510328222381506,54.979343555236994,91.30434782608695,8.695652173913043,1.5959757777706578,0.2032126793745984,88.70531441175248,11.294685588247534,77.41062882350495,11.215642634133985,22.431285268267956
1011,86.74698795180723,13.25301204819277,2.1712961973186617,0.22070588904664587,90.77317322151619,9.22682677848382,81.54634644303236,93.05555555555556,6.944444444444445,1.6265864243019734,0.16228790366721402,90.92793154164995,9.072068458350046,81.85586308329991,0.1547583201337659,0.309516640267546
1015,64.0495867768595,35.950413223140494,1.6031752512915851,0.5986916697242035,72.80981588805518,27.190184111944816,45.61963177611037,88.81987577639751,11.180124223602485,1.5525478654503677,0.26127344491019794,85.59541431022994,14.404585689770068,71.19082862045987,12.785598422174758,25.5711968443495
1019,62.87128712871287,37.12871287128713,1.573682151810782,0.618314203112228,71.79218835270622,28.207811647293784,43.58437670541244,90.47619047619048,9.523809523809524,1.581499806997228,0.2225662678864649,87.6630755943452,12.336924405654802,75.3261511886904,15.870887241638982,31.741774483277965
1056,75.72815533980582,24.271844660194176,1.8954923923194464,0.4042054013872817,82.4235426718495,17.576457328150507,64.84708534369899,83.33333333333333,16.666666666666668,1.456644559076394,0.3894909688013136,78.9023631840796,21.0976368159204,57.80472636815921,-3.521179487769899,-7.042358975539784
1059,78.33333333333333,21.666666666666668,1.960700570773171,0.3608206883050468,84.45757552750932,15.542424472490687,68.91515105501864,91.93548387096774,8.064516129032258,1.607007868400409,0.18846337200063562,89.50340346534654,10.496596534653465,79.00680693069307,5.045827937837217,10.091655875674434
1061,80.70175438596492,19.29824561403509,2.019982670897332,0.32137875071704575,86.27385128369231,13.726148716307707,72.5477025673846,84.375,15.625,1.474852616064849,0.3651477832512315,80.15501608657502,19.844983913424972,60.31003217315005,-6.118835197117292,-12.237670394234556
1062,66.66666666666667,33.333333333333336,1.668681336828231,0.5551087512385335,75.03771807342152,24.962281926578473,50.075436146843046,83.33333333333333,16.666666666666668,1.456644559076394,0.3894909688013136,78.9023631840796,21.0976368159204,57.80472636815921,3.8646451106580884,7.7292902213161625
1066,68.67469879518072,31.325301204819276,1.7189428228772736,0.5216684650193447,76.71758292760084,23.28241707239915,53.435165855201696,80.8080808080808,19.19191919191919,1.4125038148619578,0.44850475195302775,75.8999093313891,24.1000906686109,51.79981866277819,-0.8176735962117476,-1.6353471924235023
1075,71.30044843049328,28.699551569506728,1.7846659140517176,0.47794116698564326,78.87652827611073,21.123471723889267,57.753056552221466,89.65517241379311,10.344827586206897,1.567148629075293,0.24175301511805672,86.63536981714323,13.364630182856766,73.27073963428646,7.758841541032496,15.517683082064991
1076,59.09732016925247,40.90267983074753,1.4792189283449126,0.6811630656946744,68.47024889237284,31.529751107627156,36.94049778474568,79.05236907730674,20.947630922693268,1.3818144395826941,0.4895347837303293,73.84054362319074,26.15945637680926,47.68108724638148,5.370294730817903,10.7405894616358
1082,62.780269058295964,37.219730941704036,1.5714039494794998,0.6198299509345061,71.7132000003561,28.286799999643904,43.42640000071219,85.3932584269663,14.606741573033707,1.4926515032333387,0.3413516355786793,81.38761988162184,18.612380118378155,62.77523976324369,9.674419881265749,19.348839762531497
1088,76.92307692307692,23.076923076923077,1.9254015424941122,0.38430605854975397,83.36126796413244,16.638732035867566,66.72253592826488,82.14285714285714,17.857142857142858,1.4358353510895885,0.41731175228712175,77.48091603053435,22.519083969465647,54.9618320610687,-5.880351933598092,-11.760703867196177
1094,68.76712328767124,31.232876712328768,1.721256228262545,0.5201292956810369,76.79429575480165,23.205704245198344,53.588591509603305,85.55133079847909,14.448669201520913,1.4954145663521916,0.33765756991140494,81.57969000610844,18.420309993891568,63.15938001221687,4.7853942513067835,9.570788502613567
1108,54.73887814313346,45.26112185686654,1.3701261653454235,0.7537453450086085,64.51078413481966,35.48921586518034,29.021568269639317,72.06477732793522,27.93522267206478,1.2596731895494646,0.6528310165333758,65.86511995858595,34.13488004141406,31.730239917171893,1.3543358237662915,2.708671647532576
1109,63.82575757575758,36.17424242424242,1.597572757133846,0.6024191561736358,72.61721043019858,27.382789569801417,45.234420860397165,83.15789473684211,16.842105263157894,1.4535779389520227,0.3935908737360643,78.69220879908143,21.307791200918572,57.384417598162855,6.074998368882845,12.14999673776569
1111,25.950292397660817,74.04970760233918,0.6495415291381819,1.2331692215013914,34.50033569508896,65.49966430491105,-30.999328609822093,54.931714719271625,45.068285280728375,0.9601918003987642,1.0532214057722926,47.68975377015519,52.3102462298448,-4.620492459689608,13.189418075066236,26.378836150132486
1146,66.64,33.36,1.6680138642934994,0.5555528382395244,75.01523846320174,24.984761536798263,50.03047692640348,81.20950323974083,18.79049676025918,1.4195205724735833,0.4391237272446776,76.37397713423482,23.62602286576519,52.74795426846963,1.3587386710330804,2.7174773420661467
1151,60.108303249097474,39.891696750902526,1.5045240573027099,0.664326899045393,69.36963800574004,30.63036199425996,38.73927601148009,70.48192771084338,29.518072289156628,1.2320053981585888,0.6898213543830494,64.10595525997581,35.89404474002418,28.211910519951637,-5.263682745764228,-10.52736549152845
1170,64.26931905126243,35.730680948737565,1.60867519847251,0.5950324104706851,72.99857712266841,27.001422877331603,45.9971542453368,80.03952569169961,19.960474308300395,1.399069675318434,0.46646546856441906,74.99562149263316,25.004378507366834,49.991242985266325,1.9970443699647547,3.9940887399295235
1175,55.50098231827112,44.49901768172888,1.3892018005519897,0.7410538240993783,65.21291550535598,34.78708449464403,30.425831010711953,69.37269372693727,30.627306273062732,1.2126162823897952,0.7157435515241852,62.88329911583748,37.11670088416251,25.76659823167497,-2.329616389518499,-4.659232779036984
1197,50.76252723311547,49.23747276688453,1.270597227062019,0.8199645606529973,60.77778875173939,39.22221124826062,21.555577503478773,64.90566037735849,35.094339622641506,1.1345337245032745,0.820135700343898,58.04223006107434,41.95776993892566,16.084460122148684,-2.7355586906650515,-5.471117381330089
1198,51.388888888888886,48.611111111111114,1.2862751971384279,0.8095335955561948,61.37369027279623,38.62630972720376,22.74738054559247,82.22222222222223,17.77777777777778,1.4372226316220422,0.4154570333880679,77.5753444465101,22.42465555348991,55.15068889302019,16.20165417371387,32.40330834742772
1199,41.81818181818182,58.18181818181818,1.0467182931013448,0.9689170930708949,51.929942304153464,48.07005769584654,3.8598846083069205,48.148148148148145,51.851851851851855,0.8416168563552499,1.211749680715198,40.98717112415743,59.01282887584258,-18.025657751685152,-10.942771179996036,-21.885542359992073
1206,33.76068376068376,66.23931623931624,0.8450373436501938,1.1031007236150345,43.3766660510077,56.62333394899231,-13.246667897984608,53.70786516853933,46.29213483146067,0.9387992349283367,1.081822106603199,46.460918512162756,53.539081487837244,-7.078162975674488,3.084252461155053,6.16850492231012
1208,28.676470588235293,71.32352941176471,0.7177783691503786,1.1877694603706859,37.667822241480195,62.3321777585198,-24.664355517039603,46.15384615384615,53.84615384615385,0.8067569865653875,1.2583554376657824,39.06600808262237,60.93399191737764,-21.86798383475527,1.3981858411421726,2.796371682284331
1227,69.23076923076923,30.76923076923077,1.732861388244701,0.5124080780663387,77.17832599807178,22.8216740019282,54.35665199614358,79.45205479452055,20.54794520547945,1.3888008398865346,0.4801943450975099,74.30735247712212,25.69264752287788,48.614704954244246,-2.8709735209496614,-5.741947041899337
1236,61.06194690265487,38.93805309734513,1.5283939678028484,0.6484456209158092,70.21160290007862,29.788397099921383,40.423205800157234,78.69822485207101,21.301775147928993,1.3756240924768788,0.4978109423732765,73.42790472512469,26.572095274875295,46.855809450249396,3.2163018250460738,6.432603650092162
1277,54.33376455368693,45.66623544631307,1.3599860830553498,0.7604918079710311,64.13582941895574,35.86417058104426,28.271658837911474,67.94117647058823,32.05882352941177,1.1875937405175776,0.7491973341060563,61.31759672366088,38.68240327633912,22.635193447321754,-2.81823269529486,-5.63646539058972
1337,34.66013472137171,65.3398652786283,0.8675507991225769,1.088121930627401,44.36073510282513,55.63926489717487,-11.278529794349737,53.61552028218695,46.38447971781305,0.937185070813172,1.0839801565581533,46.36855305649853,53.63144694350148,-7.262893887002953,2.0078179536733956,4.015635907346784
1376,37.5,62.5,0.9386332519658798,1.0408289085722504,47.41860039955025,52.58139960044975,-5.162799200899499,0.0,100.0,0.0,2.3369458128078815,0.0,100.0,-100.0,-47.41860039955025,-94.8372007991005
1408,67.74193548387096,32.25806451612903,1.6955955519383634,0.5372020173276131,75.94040656788174,24.059593432118266,51.880813135763475,87.5,12.5,1.5294767870302137,0.2921182266009852,83.96360198534626,16.036398014653745,67.92720397069252,8.023195417464521,16.046390834929042
1415,72.36842105263158,27.63157894736842,1.811397503793803,0.46015593852667913,79.74267609321083,20.257323906789157,59.48535218642168,81.73913043478261,18.26086956521739,1.4287783153375413,0.42674662668665664,77.00129936161798,22.998700638382008,54.00259872323598,-2.741376731592851,-5.482753463185702
1416,58.51063829787234,41.48936170212766,1.4645341520035005,0.6909332329245577,67.94508523970921,32.05491476029077,35.890170479418444,67.27272727272727,32.72727272727273,1.1759094258725797,0.7648186296462158,60.59114890046949,39.4088510995305,21.18229780093899,-7.3539363392397235,-14.707872678479454
1430,66.66666666666667,33.333333333333336,1.668681336828231,0.5551087512385335,75.03771807342152,24.962281926578473,50.075436146843046,100.0,0.0,1.747973470891673,0.0,100.0,0.0,100.0,24.962281926578484,49.924563853156954
1437,48.739495798319325,51.260504201680675,1.2199603050761014,0.8536546342575768,58.83253838189048,41.167461618109506,17.665076763780974,64.94845360824742,35.05154639175258,1.1352817388265504,0.819135645726474,58.0879881543926,41.9120118456074,16.175976308785195,-0.7445502274978821,-1.4891004549957785
1460,73.71303395399781,26.286966046002192,1.8450534606003275,0.43776374686938024,80.82353044137945,19.176469558620553,61.64706088275889,80.45454545454545,19.545454545454547,1.4063241106719369,0.4567666815942678,75.48339117501239,24.516608824987603,50.966782350024786,-5.340139266367061,-10.680278532734107
1473,64.07766990291262,35.922330097087375,1.6038781781164546,0.5982239940531768,72.83395831430592,27.166041685694076,45.66791662861184,82.14285714285714,17.857142857142858,1.4358353510895885,0.41731175228712175,77.48091603053435,22.519083969465647,54.9618320610687,4.646957716228428,9.293915432456856
1476,55.0,45.0,1.3766621028832904,0.7493968141720203,64.75183222062493,35.24816777937505,29.50366444124988,100.0,0.0,1.747973470891673,0.0,100.0,0.0,100.0,35.248167779375066,70.49633555875012
1479,71.7948717948718,28.205128205128204,1.7970414396611716,0.46970740489414375,79.27836575179596,20.721634248204047,58.55673150359191,85.71428571428571,14.285714285714286,1.4982629750500052,0.3338494018296974,81.77789713978784,18.222102860212168,63.55579427957567,2.4995313879918797,4.999062775983759
1490,65.47085201793722,34.52914798206278,1.6387498330286212,0.575022966529602,74.02520409301475,25.974795906985246,48.0504081860295,68.57142857142857,31.428571428571427,1.1986103800400043,0.7344686840253342,62.00524346475934,37.994756535240654,24.010486929518684,-12.019960628255411,-24.039921256510816
1550,100.0,0.0,2.503022005242346,0.0,100.0,0.0,100.0,100.0,0.0,1.747973470891673,0.0,100.0,0.0,100.0,0.0,0.0
1589,58.51063829787234,41.48936170212766,1.4645341520035005,0.6909332329245577,67.94508523970921,32.05491476029077,35.890170479418444,78.125,21.875,1.3656042741341194,0.5112068965517241,72.76194299478122,27.238057005218785,45.52388598956244,4.816857755072007,9.633715510143993
1608,61.83986371379898,38.16013628620102,1.5478653967682652,0.6354907680277591,70.89385697696608,29.106143023033923,41.787713953932155,77.77777777777777,22.22222222222222,1.3595349218046344,0.5193212917350848,72.35971076484368,27.640289235156327,44.71942152968735,1.465853787877606,2.9317075757551976
1610,44.44444444444444,55.55555555555556,1.1124542245521538,0.9251812520642226,54.595350214428684,45.404649785571316,9.190700428857369,62.5,37.5,1.0924834193072956,0.8763546798029556,55.48873824622787,44.51126175377214,10.977476492455729,0.8933880317991836,1.78677606359836
1611,57.142857142857146,42.857142857142854,1.430298288709912,0.7137112515924002,66.71137706356639,33.288622936433605,33.422754127132784,50.0,50.0,0.8739867354458365,1.1684729064039407,42.79089376053963,57.20910623946036,-14.41821247892073,-23.920483303026757,-47.84096660605351
1617,52.63157894736842,47.36842105263158,1.3173800027591294,0.7888387517600214,62.54715945020092,37.45284054979906,25.09431890040186,71.42857142857143,28.571428571428573,1.2485524792083378,0.6676988036593948,65.1559892155604,34.8440107844396,30.3119784311208,2.6088297653594736,5.21765953071894
1622,32.0,68.0,0.8009670416775507,1.1324218525266085,41.428139164275734,58.57186083572427,-17.14372167144854,100.0,0.0,1.747973470891673,0.0,100.0,0.0,100.0,58.571860835724266,117.14372167144853
1633,50.0,50.0,1.251511002621173,0.8326631268578003,60.04829370634405,39.95170629365597,20.09658741268808,66.66666666666667,33.333333333333336,1.1653156472611153,0.7789819376026272,59.93504576321229,40.06495423678772,19.870091526424567,-0.11324794313176056,-0.22649588626351402
1677,73.33333333333333,26.666666666666668,1.8355494705110538,0.4440870009908269,80.51939392344204,19.48060607655796,61.03878784688408,97.22222222222223,2.7777777777777777,1.6994186522557932,0.0649151614668856,96.32069844368527,3.679301556314732,92.64139688737055,15.801304520243235,31.60260904048647
1678,100.0,0.0,2.503022005242346,0.0,100.0,0.0,100.0,100.0,0.0,1.747973470891673,0.0,100.0,0.0,100.0,0.0,0.0
1684,54.44444444444444,45.55555555555556,1.3627564250763884,0.7586486266926625,64.23838879519866,35.76161120480134,28.47677759039732,82.0754716981132,17.92452830188679,1.434657471392222,0.4188865136165071,77.40077834653952,22.599221653460486,54.801556693079036,13.162389551340866,26.324779102681717
1701,52.49569707401033,47.50430292598967,1.313978849567841,0.7911016282710942,62.41941167573627,37.580588324263736,24.838823351472534,77.58620689655173,22.413793103448278,1.3561863136228498,0.5237981994224563,72.13816412913008,27.86183587086992,44.27632825826015,9.718752453393805,19.437504906787616
1714,68.95034569453175,31.04965430546826,1.7258423254247983,0.5170780448368992,76.94621477905754,23.053785220942466,53.892429558115076,78.93772893772893,21.062271062271062,1.379810560355881,0.4922138616719897,73.7068675023588,26.29313249764119,47.413735004717616,-3.2393472766987372,-6.47869455339746
1719,35.429638854296385,64.57036114570361,0.8868116569009308,1.0753071762783797,45.19663345078797,54.803366549212036,-9.606733098424066,49.80544747081712,50.19455252918288,0.8705860088487709,1.173019493588392,42.60049250261499,57.39950749738501,-14.799014994770019,-2.5961409481729802,-5.192281896345953
1722,56.540084388185655,43.459915611814345,1.4152107540188792,0.7237493845261893,66.16349358345278,33.836506416547216,32.32698716690556,69.23076923076923,30.76923076923077,1.2101354798480812,0.7190602500947328,62.727460001373345,37.272539998626655,25.45492000274669,-3.436033582079432,-6.872067164158871
1834,25.494672754946727,74.50532724505327,0.6381372692208417,1.2407567750285944,33.96345159398061,66.0365484060194,-32.0730968120388,44.086021505376344,55.913978494623656,0.7706119602855762,1.306679379204407,37.096961106802524,62.90303889319748,-25.806077786394958,3.1335095128219166,6.26701902564384
1845,50.57471264367816,49.42528735632184,1.2658961865593474,0.823092286319205,60.5985242616005,39.40147573839949,21.197048523201012,69.56521739130434,30.434782608695652,1.2159815449681202,0.7112443778110944,63.094914332336145,36.905085667663855,26.18982866467229,2.496390070735643,4.992780141471279
2026,45.41284403669725,54.58715596330275,1.1366934794449188,0.9090542394135618,55.56371731306094,44.43628268693906,11.127434626121882,64.28571428571429,35.714285714285715,1.1236972312875042,0.8346235045742435,57.38065326633167,42.61934673366834,14.761306532663333,1.816935953270729,3.633871906541451
2052,57.7449947312961,42.2550052687039,1.4453699250503749,0.7036836962486362,67.25611267794754,32.74388732205246,34.51222535589508,63.405797101449274,36.594202898550726,1.1083165123407346,0.8551866923681016,56.44587234096644,43.55412765903356,12.891744681932877,-10.810240336981103,-21.620480673962206
2058,85.71428571428571,14.285714285714286,2.145447433064868,0.2379037505308001,90.0180992139025,9.981900786097503,80.036198427805,100.0,0.0,1.747973470891673,0.0,100.0,0.0,100.0,9.981900786097498,19.963801572194996
2148,68.93081761006289,31.069182389937108,1.7253535331733403,0.5174032511544068,76.9300329500733,23.069967049926696,53.8600659001466,75.0,25.0,1.3109801031687547,0.5842364532019704,69.17310313493867,30.826896865061332,38.34620626987734,-7.756929815134626,-15.513859630269259
2161,71.14337568058076,28.856624319419236,1.780734348557168,0.4805569407273693,78.74856092160442,21.251439078395574,57.497121843208845,70.73170731707317,29.26829268292683,1.2363714794111833,0.6839841403340141,64.38242306262167,35.617576937378324,28.764846125243345,-14.366137858982754,-28.7322757179655
2190,47.36842105263158,52.63157894736842,1.1856420024832166,0.8764875019555792,57.49600109649207,42.50399890350793,14.992002192984145,47.5,52.5,0.8302873986735446,1.226896551724138,40.36038675651919,59.63961324348081,-19.27922648696162,-17.135614339972882,-34.271228679945764
2228,40.67340067340067,59.32659932659933,1.0180641691356074,0.9879814340225214,50.749801875533805,49.2501981244662,1.4996037510676032,57.46691871455577,42.53308128544423,1.0045064936693169,0.9939750621583617,50.263485832036956,49.73651416796305,0.5269716640739048,-0.4863160434968492,-0.9726320869936984
2246,42.931937172774866,57.068062827225134,1.0745958347113735,0.9503694327486936,53.067371178136256,46.93262882186373,6.134742356272525,57.46268656716418,42.53731343283582,1.0044325168556627,0.9940739651496213,50.259157320712006,49.740842679287994,0.5183146414240127,-2.8082138574242492,-5.616427714848513
2317,44.69200524246396,55.30799475753604,1.1186507258029357,0.9210585571008958,54.8436355699852,45.15636443001481,9.687271139970392,61.73913043478261,38.26086956521739,1.0791836211592067,0.894135789248233,54.688745038816755,45.311254961183245,9.37749007763351,-0.15489053116844786,-0.3097810623368815
2655,60.0,40.0,1.5018132031454077,0.6661305014862402,69.27362550682922,30.726374493170777,38.54725101365844,65.75342465753425,34.24657534246575,1.1493524192164426,0.8003239084958499,58.95093472079376,41.04906527920623,17.90186944158753,-10.322690786035459,-20.64538157207091
2656,68.57142857142857,31.428571428571427,1.7163579464518943,0.5233882511677602,76.63180534812363,23.368194651876358,53.26361069624728,63.63636363636363,36.36363636363637,1.1123467542037917,0.8497984773846843,56.690337508976306,43.309662491023694,13.380675017952612,-19.94146783914733,-39.882935678294665
2657,25.0,75.0,0.6257555013105865,1.2489946902867004,33.37807373565023,66.62192626434975,-33.24385252869952,100.0,0.0,1.747973470891673,0.0,100.0,0.0,100.0,66.62192626434977,133.2438525286995
2670,56.36363636363637,43.63636363636363,1.4107942211365951,0.7266878198031711,66.00262337251381,33.9973766274862,32.00524674502761,73.33333333333333,26.666666666666668,1.2818472119872266,0.6231855500821017,67.28741035376363,32.71258964623637,34.574820707527266,1.2847869812498232,2.5695739624996534
2743,100.0,0.0,2.503022005242346,0.0,100.0,0.0,100.0,100.0,0.0,1.747973470891673,0.0,100.0,0.0,100.0,0.0,0.0
2744,56.287425149700596,43.712574850299404,1.4088866376813205,0.7279569851571189,65.93307168682051,34.0669283131795,31.86614337364101,60.526315789473685,39.473684210526315,1.057983942908118,0.9224786103189007,53.42105263157895,46.57894736842105,6.8421052631579045,-12.51201905524156,-25.024038110483104
3032,38.23529411764706,61.76470588235294,0.9570378255338382,1.0285838625890475,48.198397069210955,51.80160293078904,-3.6032058615780826,61.40350877192982,38.59649122807018,1.0733170435299746,0.9019790856451474,54.337019532265714,45.662980467734286,8.674039064531428,6.138622463054759,12.27724492610951
3039,26.618049225159528,73.38195077484048,0.6662556294719828,1.222048891742077,35.28327247999294,64.71672752000705,-29.433455040014117,35.416666666666664,64.58333333333333,0.6190739376074674,1.50927750410509,29.087016621152358,70.91298337884764,-41.825966757695284,-6.19625585884058,-12.392511717681167
3040,30.69926094371802,69.30073905628198,0.7684092568680312,1.1540834015232049,39.9694247733068,60.0305752266932,-20.061150453386404,48.205128205128204,51.794871794871796,0.8426128526349602,1.210418087659467,41.042384510489654,58.95761548951034,-17.915230979020684,1.072959737182856,2.1459194743657193
3041,43.71108343711084,56.28891656288916,1.0940980371607267,0.9373941054538624,53.85686777762236,46.14313222237764,7.713735555244725,58.628841607565015,41.371158392434985,1.0248165975913355,0.9668215537621259,51.45596336839093,48.54403663160907,2.911926736781865,-2.40090440923143,-4.80180881846286
3043,27.586206896551722,72.41379310344827,0.6904888290323713,1.2059259078630211,36.41022270069288,63.58977729930712,-27.179554598614246,46.855345911949684,53.144654088050316,0.8190190162354064,1.2419617684419246,39.73928443799794,60.26071556200207,-20.52143112400413,3.329061737305061,6.658123474610115
3049,29.181141439205955,70.81885856079404,0.7304103916042182,1.1793650441946213,38.245878437466395,61.754121562533605,-23.50824312506721,43.437077131258455,56.562922868741545,0.7592685847851515,1.3218448575828072,36.48376726264528,63.51623273735473,-27.032465474709447,-1.762111174821115,-3.524222349642237
3054,36.078998073217726,63.921001926782274,0.9030652610436017,1.0644932267247602,45.89775941389542,54.10224058610457,-8.20448117220915,54.41741357234315,45.58258642765685,0.9512019527899629,1.0652403448906604,47.17228724491972,52.82771275508027,-5.655425510160548,1.274527831024301,2.549055662048602
3063,31.961471103327497,68.0385288966725,0.800002654915461,1.1330634843581626,41.3851672564123,58.614832743587705,-17.229665487175403,45.642201834862384,54.357798165137616,0.7978135796042268,1.270312288154743,38.57664526331471,61.4233547366853,-22.846709473370588,-2.8085219930975924,-5.617043986195185
3072,26.979472140762464,73.02052785923753,0.6753021245815127,1.2160300210415969,35.705104793163166,64.29489520683683,-28.58979041367366,42.50386398763524,57.49613601236476,0.7429562666077435,1.3436535430672827,35.60590308561107,64.39409691438892,-28.788193828777857,-0.09920170755209767,-0.19840341510419535
3131,33.909287257019436,66.09071274298056,0.8487569218640352,1.1006259905766171,43.539774379235766,56.460225620764234,-12.920451241528468,51.465798045602604,48.534201954397396,0.8996084964198185,1.134218000353011,44.23231272909812,55.76768727090188,-11.535374541803762,0.6925383498623532,1.3850766997247064
3139,44.61538461538461,55.38461538461539,1.116732894646585,0.9223345405194097,54.766844655908834,45.23315534409115,9.533689311817682,57.142857142857146,42.857142857142854,0.9988419833666703,1.001548205489092,49.93235764358628,50.06764235641372,-0.13528471282744192,-4.834487012322555,-9.668974024645124
3140,32.64503441494592,67.35496558505407,0.8171123950250333,1.121679925069013,42.14543180083348,57.85456819916653,-15.709136398333051,52.57142857142857,47.42857142857143,0.9189346246973366,1.1083800140745954,45.32767667745897,54.67232332254103,-9.344646645082065,3.1822448766254894,6.364489753250986
3152,25.0,75.0,0.6257555013105865,1.2489946902867004,33.37807373565023,66.62192626434975,-33.24385252869952,40.0,60.0,0.6991893883566691,1.402167487684729,33.27323389608261,66.7267661039174,-33.45353220783479,-0.10483983956762444,-0.2096796791352702
3156,30.73351903435469,69.26648096564531,0.7692667444152429,1.1535128925458107,40.00805550609358,59.99194449390643,-19.983888987812854,44.32432432432432,55.67567567567568,0.7747774303411739,1.301110371455199,37.322702588777624,62.67729741122236,-25.35459482244474,-2.685352917315953,-5.370705834631885
3157,46.60377358490566,53.39622641509434,1.1665027081035084,0.8892213769839905,56.74412809410938,43.25587190589063,13.488256188218749,63.862928348909655,36.137071651090345,1.1163070452734982,0.8445037828215398,56.93088947076093,43.06911052923907,13.861778941521862,0.18676137665155323,0.3735227533031136
3164,37.85425101214575,62.14574898785425,0.9475002327536817,1.034929473462934,47.794896826982395,52.2051031730176,-4.410206346035203,53.380782918149464,46.619217081850536,0.9330819239635264,1.0894658415581229,46.13398703703143,53.86601296296858,-7.732025925937151,-1.6609097899509635,-3.3218195799019483
3166,50.27075812274368,49.72924187725632,1.2582881380144284,0.8281541207556823,60.30783419600349,39.69216580399652,20.615668392006974,62.84722222222222,37.15277777777778,1.0985527716367804,0.8682402846195949,55.855025933830724,44.14497406616927,11.710051867661456,-4.452808262172766,-8.905616524345518
3172,41.30434782608695,58.69565217391305,1.033856915208795,0.9774741054417656,51.40162929891054,48.59837070108946,2.8032585978210847,60.0,40.0,1.0487840825350037,0.9347783251231526,52.87376280604272,47.12623719395729,5.7475256120854326,1.4721335071321775,2.944267014264348
3176,40.834248079034026,59.165751920965974,1.0220902150934716,0.9853027999480887,50.91629827516913,49.08370172483086,1.8325965503382733,62.00345423143351,37.99654576856649,1.083803931001918,0.887958685350145,54.9662480672776,45.0337519327224,9.932496134555194,4.049949792108464,8.09989958421692
3177,27.365079365079364,72.63492063492063,0.684953958259969,1.2096084026988236,36.15367709054085,63.84632290945914,-27.692645818918287,41.95804195804196,58.04195804195804,0.7334154423321705,1.3564091081332459,35.0945940494782,64.9054059505218,-29.8108119010436,-1.0590830410626566,-2.118166082125313
3187,37.223587223587224,62.776412776412776,0.9317145793469667,1.0454320831064765,47.12420161035505,52.875798389644956,-5.751596779289905,62.13235294117647,37.86764705882353,1.0860570462525467,0.8849463923500434,55.10173270030131,44.89826729969869,10.203465400602624,7.977531089946261,15.95506217989253
3192,25.930680359435172,74.06931964056483,0.6490506355057174,1.233495825922852,34.47727048463844,65.52272951536156,-31.045459030723123,36.855670103092784,63.144329896907216,0.6442273359214156,1.4756487735513686,30.38985783379745,69.61014216620255,-39.2202843324051,-4.087412650840989,-8.174825301681977
3194,40.19417475728155,59.80582524271845,1.0060690390003215,0.9959621090182622,50.252416901506805,49.747583098493195,0.5048338030136108,57.67918088737201,42.32081911262799,1.008216780138883,0.9890146101985574,50.480719711126746,49.51928028887326,0.9614394222534841,0.2283028096199402,0.4566056192398733
3196,34.11420204978038,65.88579795021963,0.8538859842188384,1.0972134907350224,43.76434903397383,56.23565096602617,-12.471301932052341,51.594746716697934,48.405253283302066,0.9018624849816324,1.1312045397831774,44.3597025575663,55.640297442433706,-11.280594884867405,0.5953535235924718,1.1907070471849366
3200,41.95535026943803,58.04464973056197,1.0501516496205379,0.9666327908403102,52.07059458375093,47.92940541624907,4.141189167501864,57.11252653927813,42.88747346072187,0.9983118124625477,1.0022570152594312,49.90139797386087,50.09860202613913,-0.19720405227826632,-2.169196609890065,-4.33839321978013
3209,25.753899480069325,74.24610051993068,0.6446257711941293,1.2364398043184806,34.26918123353897,65.73081876646101,-31.46163753292204,40.053763440860216,59.946236559139784,0.7001291590399442,1.4009110652047247,33.32297739761946,66.67702260238055,-33.354045204761086,-0.946203835919512,-1.8924076718390452
3212,45.9375,54.0625,1.1498257336582027,0.9003170059149966,56.08515502181934,43.91484497818066,12.170310043638679,53.898305084745765,46.101694915254235,0.9421280741416136,1.077371628955498,46.65155794263117,53.34844205736882,-6.696884114737649,-9.433597079188168,-18.86719415837633
3213,44.01260504201681,55.98739495798319,1.101645189282083,0.9323727870067385,54.16103506086488,45.83896493913511,8.322070121729773,66.00660066006601,33.993399339933994,1.1537778685753617,0.7944073225056495,59.223213165641205,40.776786834358795,18.44642633128241,5.062178104776322,10.124356209552637
3214,37.989556135770236,62.010443864229764,0.9508869497722229,1.0326762017165931,47.93832498141082,52.061675018589185,-4.123350037178362,55.28455284552845,44.71544715447155,0.9663593172409248,1.044975769954744,48.04566496119175,51.95433503880825,-3.908670077616506,0.10733997978092447,0.21467995956185604
3215,30.830324909747294,69.16967509025271,0.7716898167786872,1.1519007588877586,40.11715520655054,59.88284479344945,-19.765689586898908,45.776031434184674,54.223968565815326,0.800152885496581,1.2671847629370832,38.70450896605224,61.29549103394776,-22.590982067895524,-1.4126462404983045,-2.825292480996616
3240,40.13157894736842,59.86842105263158,1.0045022521038363,0.9970045334744715,50.187301853868014,49.81269814613198,0.3746037077360356,59.00826446280992,40.99173553719008,1.031448808443516,0.957954647233644,51.84714068431272,48.15285931568728,3.6942813686254397,1.6598388304447056,3.319677660889404
3247,50.06501950585176,49.93498049414824,1.2531384551603424,0.8315803399568148,60.11067094974401,39.88932905025599,20.221341899488024,58.68544600938967,41.31455399061033,1.0258060275185874,0.9654987395638196,51.51426564511087,48.48573435488913,3.0285312902217356,-8.596405304633144,-17.19281060926629
3248,30.45141545524101,69.548584544759,0.7622056297524512,1.1582108375114621,39.689600810307205,60.310399189692795,-20.62079837938559,47.07112970711297,52.92887029288703,0.822790859729344,1.236919018076138,39.94692983683637,60.05307016316364,-20.10614032632727,0.25732902652916323,0.5146580530583194
3254,44.26229508196721,55.73770491803279,1.10789498592694,0.9282146332185316,54.4123447730633,45.587655226936704,8.8246895461266,59.516616314199396,40.483383685800604,1.0403346639445907,0.9460747399282663,52.37262076570288,47.627379234297116,4.74524153140576,-2.0397240073604266,-4.079448014720839
3282,34.994807892004154,65.00519210799585,0.8759277422291492,1.0825485304527167,44.72496064655844,55.27503935344156,-10.550078706883113,56.54761904761905,43.45238095238095,0.9884373793732675,1.015458597231996,49.32578292051606,50.67421707948395,-1.3484341589678905,4.600822273957618,9.201644547915222
3286,18.27338129496403,81.72661870503597,0.4573867549147884,1.361014837569009,25.15323110171902,74.84676889828098,-49.69353779656197,27.272727272727273,72.72727272727273,0.4767200375159108,1.6995969547693686,21.904898928134667,78.09510107186533,-56.19020214373066,-3.248332173584352,-6.496664347168689
3287,37.8988326848249,62.1011673151751,0.948616121831146,1.0341870431634625,47.84217306984808,52.15782693015192,-4.31565386030384,54.52196382428941,45.47803617571059,0.9530294634577339,1.0627970621555223,47.27735503767134,52.72264496232866,-5.445289924657317,-0.5648180321767384,-1.1296360643534769
3289,31.87869822485207,68.12130177514793,0.7979308315528485,1.1344419228343698,41.29280076741111,58.70719923258889,-17.414398465177783,52.162849872773535,47.837150127226465,0.9117927774371322,1.117928276864839,44.92207318363267,55.077926816367324,-10.155853632734654,3.6292724162215606,7.258544832443128
3324,35.34621578099839,64.65378421900161,0.8847235590188326,1.0766964426196677,45.10627801693498,54.893721983065014,-9.787443966130034,58.65384615384615,41.34615384615385,1.0252536704268467,0.9662372110647972,51.4817155305739,48.5182844694261,2.9634310611478014,6.375437513638921,12.750875027277836
3326,43.54838709677419,56.45161290322581,1.0900257119603765,0.940103530323323,53.69242948957293,46.30757051042707,7.384858979145861,69.04761904761905,30.952380952380953,1.2069340632347265,0.723340370631011,62.526552808225006,37.473447191775,25.053105616450004,8.834123318652075,17.668246637304144
3327,38.888888888888886,61.111111111111114,0.9733974464831345,1.0176993772706449,48.887499335567504,51.112500664432496,-2.225001328864991,53.266331658291456,46.733668341708544,0.9310813463041071,1.0921405054830804,46.01973557579206,53.980264424207945,-7.960528848415883,-2.8677637597754426,-5.735527519550892
3332,40.645161290322584,59.354838709677416,1.0173573311630182,0.9884517118828081,50.72054763588853,49.27945236411148,1.4410952717770513,71.64948453608247,28.350515463917525,1.252413981721353,0.6625361840434716,65.4019098831819,34.5980901168181,30.8038197663638,14.681362247293372,29.36272449458675
3333,37.180544105523495,62.819455894476505,0.9306372006300891,1.0461488914520096,47.07829564148099,52.92170435851901,-5.843408717038017,57.38942826321467,42.61057173678533,1.0031519811374001,0.9957859720163035,50.18424806806723,49.815751931932766,0.36849613613446053,3.105952426586235,6.211904853172477
3334,45.744680851063826,54.255319148936174,1.1449994279300093,0.9035280738244217,55.89377867514063,44.10622132485937,11.787557350281261,59.15119363395225,40.84880636604775,1.0339471724372495,0.9546144699533522,51.994725755358665,48.00527424464133,3.9894515107173376,-3.8990529197819654,-7.798105839563924
3359,33.333333333333336,66.66666666666667,0.8343406684141155,1.110217502477067,42.90643915433709,57.09356084566291,-14.187121691325814,46.875,53.125,0.8193625644804716,1.241502463054187,39.758186661095735,60.241813338904265,-20.48362667780853,-3.1482524932413583,-6.2965049864827165
3363,29.1005291005291,70.8994708994709,0.728392647028196,1.1807075026343412,38.153715883210765,61.846284116789235,-23.69256823357847,42.142857142857146,57.857142857142854,0.7366459627329194,1.3520900774102742,35.26754690757471,64.73245309242529,-29.464906184850577,-2.8861689756360533,-5.772337951272107
3364,44.857142857142854,55.142857142857146,1.122784156637281,0.9183084770488884,55.00897598212175,44.99102401787826,10.017951964243487,53.55191256830601,46.44808743169399,0.9360732248490925,1.0854666343643167,46.304960081930965,53.69503991806904,-7.390079836138078,-8.704015900190782,-17.408031800381565
3365,27.619387027797575,72.38061297220243,0.6913193350188233,1.2053733504263668,36.44867406954529,63.5513259304547,-27.10265186090941,42.66426642664266,57.33573357335734,0.7457600586882565,1.339905024985257,35.75646274783188,64.24353725216811,-28.487074504336228,-0.6922113217134083,-1.3844226434268165
3367,33.8417540514776,66.1582459485224,0.8470665508684776,1.1017506387784812,43.46567525001816,56.53432474998184,-13.068649499963684,52.906976744186046,47.093023255813954,0.924799917739199,1.100538435101386,45.66150225922229,54.338497740777726,-8.676995481555437,2.1958270092041303,4.391654018408246
3372,36.224489795918366,63.775510204081634,0.906706950878605,1.0620703148696433,46.05431841646161,53.94568158353838,-7.8913631670767685,62.014134275618375,37.985865724381625,1.083990615340949,0.8877090985047607,54.977469831178055,45.022530168821945,9.95493966235611,8.923151414716443,17.84630282943288
3386,26.45241038318912,73.54758961681088,0.662109652808235,1.2248073188637607,35.08949586804236,64.91050413195765,-29.82100826391529,41.01449275362319,58.98550724637681,0.7169224525541209,1.3784593417576925,34.214406868490514,65.78559313150949,-31.571186263018973,-0.8750889995518492,-1.750177999103684
3387,25.81560283687943,74.18439716312056,0.6461702197930596,1.235412242118098,34.341849633139795,65.6581503668602,-31.316300733720404,43.16163410301954,56.83836589698046,0.7544539137241145,1.3282818118979078,36.224178826086636,63.775821173913364,-27.55164234782673,1.882329192946841,3.764658385893675
3392,28.315649867374006,71.684350132626,0.7087469471077465,1.1937783025640347,37.25295878359658,62.747041216403424,-25.49408243280684,41.2037037037037,58.7962962962963,0.7202298097655504,1.374037584382412,34.39053732002405,65.60946267997593,-31.218925359951882,-2.862421463572531,-5.7248429271450405
3398,37.40831295843521,62.59168704156479,0.9363383051395574,1.042355796946684,47.32102370711707,52.678976292882936,-5.357952585765865,51.79282868525896,48.20717131474104,0.905324905242699,1.126575471512963,44.55557544057512,55.44442455942488,-10.888849118849762,-2.765448266541952,-5.530896533083897
3417,42.91217257318952,57.08782742681048,1.0741011224345045,0.95069857781453,53.04727782715488,46.95272217284513,6.094555654309751,64.0506329113924,35.949367088607595,1.1195880712293498,0.8401172289081499,57.1304303331116,42.8695696668884,14.260860666223195,4.083152505956718,8.166305011913444
3422,29.23272035510463,70.76727964489537,0.7317014232192274,1.178506086966779,38.30481344657566,61.69518655342434,-23.390373106848685,42.09726443768997,57.90273556231003,0.7358490143419353,1.3531555542246243,35.22486381381457,64.77513618618542,-29.55027237237085,-3.0799496327610854,-6.159899265522164
3433,31.619537275064268,68.38046272493574,0.7914439759506647,1.138757798170565,41.00317316882524,58.996826831174765,-17.993653662349523,44.89795918367347,55.10204081632653,0.7848044155023838,1.2877048356288328,37.86735403347522,62.132645966524784,-24.26529193304956,-3.135819135350019,-6.271638270700038
3465,42.0773714891362,57.9226285108638,1.0532058676006482,0.9646007394335726,52.19558028649008,47.804419713509915,4.391160572980162,64.27378964941569,35.72621035058431,1.1234887918085041,0.834902176862916,57.367952047424076,42.63204795257593,14.735904094848145,5.1723717609339985,10.344743521867983
3470,38.888888888888886,61.111111111111114,0.9733974464831345,1.0176993772706449,48.887499335567504,51.112500664432496,-2.225001328864991,33.333333333333336,66.66666666666667,0.5826578236305576,1.5579638752052545,27.219093590775007,72.780906409225,-45.561812818449994,-21.668405744792498,-43.336811489585
3471,27.823920265780732,72.17607973421927,0.6964388469735764,1.2019672047166587,36.68545232214709,63.3145476778529,-26.629095355705807,44.057377049180324,55.942622950819676,0.7701112627903887,1.3073487846240814,37.06984708316488,62.93015291683513,-25.860305833670246,0.3843947610177878,0.7687895220355614
3486,36.64468260511129,63.35531739488871,0.9172244693571499,1.0550727337019283,46.50538812986773,53.49461187013227,-6.989223740264535,60.122699386503065,39.877300613496935,1.0509288352600241,0.9319109069479283,53.00119888104436,46.99880111895564,6.0023977620887194,6.495810751176627,12.991621502353254
3500,25.179856115107913,74.82014388489209,0.6302573394495116,1.2459994991828955,33.59120811567048,66.40879188432952,-32.817583768659034,40.0,60.0,0.6991893883566691,1.402167487684729,33.27323389608261,66.7267661039174,-33.45353220783479,-0.31797421958787453,-0.6359484391757562
3502,22.24334600760456,77.75665399239544,0.5567558452725371,1.294901972946161,30.06796611093827,69.93203388906174,-39.86406777812347,36.64459161147903,63.35540838852097,0.6405377398852488,1.4805815635228743,30.198100543239622,69.8018994567604,-39.60379891352078,0.1301344323013538,0.2602688646026934
3507,40.456273764258555,59.543726235741445,1.0126294348204776,0.9915973054443462,50.52469436101208,49.475305638987926,1.0493887220241547,60.391198044009776,39.608801955990224,1.0556221205629417,0.9256362388138798,53.280386960485735,46.71961303951426,6.560773920971478,2.7556925994736545,5.511385198947323
3509,38.46153846153846,61.53846153846154,0.9627007712470561,1.0248161561326774,48.43736211677171,51.56263788322829,-3.125275766456582,54.17956656346749,45.82043343653251,0.9470444501735069,1.0707987006054691,46.933501734656936,53.066498265343064,-6.132996530686128,-1.5038603821147731,-3.0077207642295463
3517,46.67300380228137,53.32699619771863,1.1682355556786996,0.8880684679985285,56.81239457916239,43.18760542083761,13.624789158324774,54.340836012861736,45.659163987138264,0.9498633973655715,1.0670299209605119,47.09537131859352,52.90462868140648,-5.809257362812957,-9.717023260568865,-19.43404652113773
3526,30.548926014319807,69.4510739856802,0.7646463405036283,1.1565869685709782,39.799764916210655,60.200235083789345,-20.40047016757869,39.94565217391305,60.05434782608695,0.6982394027746629,1.4034375669308201,33.22296493892257,66.77703506107744,-33.55407012215487,-6.576799977288083,-13.15359995457618
3527,33.14028314028314,66.85971685971685,0.8295085796009062,1.1134324180247805,42.69345186573254,57.30654813426746,-14.613096268534917,47.048611111111114,52.951388888888886,0.8223972406452142,1.2374452654625068,39.92524856665942,60.074751433340595,-20.149502866681175,-2.7682032990731216,-5.536406598146257
3529,32.13644524236984,67.86355475763015,0.8043822961191741,1.1301495940834776,41.58020346901136,58.419796530988634,-16.839593061977276,47.638326585695005,52.361673414304995,0.8327053106946836,1.2236639343717384,40.49395859680768,59.50604140319232,-19.01208280638464,-1.0862448722036788,-2.1724897444073648
3538,35.61470215462611,64.38529784537388,0.8914438320318114,1.0722252685519962,45.39684571941277,54.60315428058723,-9.206308561174467,46.367112810707454,53.632887189292546,0.8104848311495806,1.253371511458147,39.2704092052025,60.72959079479751,-21.459181589595012,-6.126436514210269,-12.252873028420545
3545,29.650793650793652,70.34920634920636,0.7421658898083655,1.1715438026138956,38.78152954688626,61.21847045311373,-22.43694090622747,37.735849056603776,62.264150943396224,0.6596126305251596,1.4550794683520771,31.191899325455974,68.80810067454402,-37.616201349088044,-7.589630221430287,-15.179260442860574
3552,45.39722572509458,54.60277427490542,1.1363025496686565,0.9093143352570682,55.54816046162599,44.45183953837402,11.096320923251973,64.36285097192224,35.63714902807775,1.1250455600987441,0.8328208620157677,57.46283543101401,42.53716456898598,14.925670862028028,1.9146749693880167,3.829349938776055
3554,27.419354838709676,72.58064516129032,0.6863124853083852,1.2087045389871294,36.21669233095816,63.78330766904183,-27.566615338083672,46.87898089171974,53.12101910828026,0.8194321494116377,1.2414094317718303,39.76201552285581,60.23798447714419,-20.475968954288376,3.5453231918976513,7.0906463837952955
3558,28.71956717763751,71.28043282236249,0.7188570862666251,1.1870517615529146,37.71728574999983,62.282714250000176,-24.565428500000344,41.07327141382869,58.92672858617131,0.7179498879410586,1.3770857163191954,34.26910198953697,65.73089801046302,-31.46179602092605,-3.448183760462861,-6.896367520925708
3567,31.81427343078246,68.18572656921754,0.7963182647804541,1.1355148058439133,41.220863069865786,58.779136930134214,-17.55827386026843,47.151898734177216,52.848101265822784,0.8242026808951243,1.2350314896801147,40.0247185420824,59.97528145791761,-19.950562915835214,-1.1961445277833889,-2.392289055566785
3570,39.872068230277186,60.127931769722814,0.9980066417490805,1.0013262335773974,49.916982512785054,50.083017487214946,-0.16603497442989124,59.45273631840796,40.54726368159204,1.0392180585649498,0.9475675808151361,52.306501414475946,47.69349858552404,4.613002828951906,2.3895189016908915,4.779037803381797
3579,25.728155339805824,74.27184466019418,0.6439813896982735,1.236868528245082,34.23885040239919,65.7611495976008,-31.52229919520162,41.73913043478261,58.26086956521739,0.7295889269808722,1.3615249518098094,34.88996627016808,65.11003372983193,-30.220067459663845,0.651115867768894,1.3022317355377737
3582,7.142857142857143,92.85714285714286,0.178787286088739,1.5463743784502006,10.36350909968319,89.63649090031682,-79.27298180063363,0.0,100.0,0.0,2.3369458128078815,0.0,100.0,-100.0,-10.36350909968319,-20.72701819936637
3624,34.67336683417086,65.32663316582915,0.8678820018176979,1.0879015727790358,44.375155466608724,55.62484453339128,-11.249689066782558,45.945945945945944,54.054054054054056,0.8031229460853632,1.2632139528691253,38.86698952584751,61.1330104741525,-22.26602094830499,-5.5081659407612165,-11.016331881522433
3626,26.104417670682732,73.89558232931726,0.6533993186375603,1.2306025328661465,34.681458413432715,65.31854158656729,-30.637083173134577,40.229885057471265,59.770114942528735,0.703207718174811,1.3967951984598832,33.48603530997559,66.51396469002441,-33.02792938004882,-1.1954231034571237,-2.39084620691424
3637,50.040950040950044,49.959049959049956,1.2525359911573084,0.831981175074952,60.08758341967757,39.91241658032243,20.175166839355143,72.62247838616715,27.377521613832855,1.2694216560942408,0.6397978450050397,66.48903676938873,33.51096323061126,32.97807353877747,6.401453349711161,12.80290669942233
3646,39.329805996472665,60.670194003527335,0.9844336987108345,1.0103566689209287,49.35023322172769,50.649766778272294,-1.2995335565446027,60.526315789473685,39.473684210526315,1.057983942908118,0.9224786103189007,53.42105263157895,46.57894736842105,6.8421052631579045,4.070819409851261,8.141638819702507
3647,40.96938775510204,59.03061224489796,1.0254727909232673,0.9830522834433418,51.0560113991433,48.943988600856706,2.1120227982865956,62.85310734463277,37.14689265536723,1.0986556420152465,0.8681027524978431,55.86124076451397,44.138759235486035,11.722481529027938,4.805229365370671,9.610458730741342
3648,35.311284046692606,64.6887159533074,0.883849210022346,1.07727816996194,45.06842436871326,54.931575631286734,-9.863151262573474,56.5406976744186,43.4593023255814,0.9883163956059022,1.0156203459731927,49.31874220875417,50.68125779124582,-1.3625155824916462,4.250317840040914,8.500635680081828
3665,10.0,90.0,0.25030220052423463,1.4987936283440406,14.31037661819757,85.68962338180242,-71.37924676360485,50.0,50.0,0.8739867354458365,1.1684729064039407,42.79089376053963,57.20910623946036,-14.41821247892073,28.480517142342062,56.961034284684125
3667,40.625,59.375,1.0168526896297032,0.9887874631436379,50.69965757434746,49.30034242565253,1.3993151486949316,58.8235294117647,41.1764705882353,1.0282196887598076,0.9622718052738337,51.656572853580336,48.343427146419664,3.313145707160672,0.9569152792328737,1.9138305584657402
3668,30.672268907563026,69.32773109243698,0.7677336402634087,1.1545329069877064,39.93897939707088,60.06102060292912,-20.12204120585824,49.42528735632184,50.57471264367816,0.863940910900482,1.181903629466055,42.229059630586434,57.77094036941356,-15.541880738827125,2.2900802335155532,4.580160467031114
3669,50.0,50.0,1.251511002621173,0.8326631268578003,60.04829370634405,39.95170629365597,20.09658741268808,100.0,0.0,1.747973470891673,0.0,100.0,0.0,100.0,39.95170629365595,79.90341258731192
3671,26.199261992619927,73.80073800738008,0.6557732928863712,1.229023065472768,34.79279286475661,65.20720713524338,-30.414414270486766,42.78846153846154,57.21153846153846,0.7479309562949947,1.3370026525198937,35.87313059431812,64.12686940568187,-28.253738811363753,1.0803377295615064,2.160675459123013
3695,38.25459317585302,61.74540682414698,0.9575208852075379,1.0282624703060237,48.21879902200634,51.78120097799366,-3.562401955987326,64.53382084095064,35.46617915904936,1.1280340680525787,0.8288253888203456,57.645124390035924,42.354875609964076,15.290248780071849,9.426325368029588,18.852650736059175
3696,37.745740498034074,62.254259501965926,0.9447841907074648,1.0367365275424776,47.6797533331818,52.3202466668182,-4.6404933336364,56.640625,43.359375,0.9900630987472366,1.0132850985221675,49.420420279245945,50.579579720754055,-1.159159441508109,1.7406669460641453,3.4813338921282906
3698,41.98813056379822,58.01186943620178,1.0509721476017566,0.9660868919922846,52.10418371359513,47.89581628640488,4.208367427190247,63.25966850828729,36.74033149171271,1.105762223298876,0.8586016384073156,56.29111005628264,43.70888994371736,12.582220112565281,4.186926342687514,8.373852685375034
3700,37.417530631479735,62.582469368520265,0.9365690255242332,1.0422022926174919,47.33083691569627,52.66916308430373,-5.338326168607466,58.51851851851852,41.48148148148148,1.0228881792625346,0.9693997445721583,51.34238716328269,48.657612836717306,2.684774326565382,4.01155024758642,8.023100495172848
3709,39.37823834196891,60.62176165803109,0.9856459709762606,1.0095501123560895,49.4009575905967,50.5990424094033,-1.1980848188066062,52.765957446808514,47.234042553191486,0.9223349378322019,1.1038339796667014,45.52112757561839,54.47887242438161,-8.957744848763227,-3.8798300149783103,-7.7596600299566205
3716,33.23615160349854,66.76384839650146,0.8319081883312753,1.111835895337821,42.799265362183334,57.200734637816666,-14.401469275633332,51.58562367864693,48.41437632135307,0.9017030166967615,1.131417740238911,44.35068667813965,55.64931332186033,-11.29862664372068,1.5514213159563184,3.102842631912651
3720,20.23731048121292,79.76268951878708,0.5065443346139751,1.328309009226023,27.606802271939316,72.39319772806068,-44.78639545612137,37.755102040816325,62.244897959183675,0.65994916758155,1.4546295365436814,31.20948708572949,68.79051291427052,-37.58102582854103,3.602684813790173,7.205369627580339
3725,36.171761280931584,63.828238719068416,0.9053871445454482,1.0629484166729126,45.99760134318924,54.00239865681076,-8.004797313621523,52.981651376146786,47.018348623853214,0.9261052104953588,1.09879332941655,45.73588218082512,54.26411781917487,-8.528235638349749,-0.2617191623641162,-0.5234383247282253
3728,33.05084745762712,66.94915254237289,0.8272699847834873,1.114921813928241,42.59465956617787,57.405340433822126,-14.810680867644258,47.59450171821306,52.40549828178694,0.8319392636374457,1.2246880977773262,40.45162868324126,59.54837131675873,-19.096742633517472,-2.143030882936607,-4.286061765873214
3729,52.121212121212125,47.878787878787875,1.3046054087929806,0.7973380245062572,62.066627870439646,37.93337212956036,24.133255740879285,72.72727272727273,27.272727272727273,1.2712534333757621,0.6373488580385132,66.60651300139448,33.393486998605525,33.21302600278895,4.539885130954829,9.079770261909665
3732,22.396856581532415,77.60314341846758,0.560598248718325,1.2923455210563108,30.254466318020416,69.74553368197958,-39.49106736395916,43.86422976501306,56.13577023498694,0.766735099503397,1.3118625319939805,36.88713428154238,63.11286571845763,-26.225731436915247,6.632667963521964,13.265335927043914
3841,31.83023872679045,68.16976127320955,0.7967178796527362,1.1352489315780088,41.238693906195685,58.76130609380432,-17.522612187608637,51.771117166212534,48.228882833787466,0.9049453936496399,1.1270828579482155,44.534095081505356,55.46590491849464,-10.93180983698928,3.295401175309671,6.590802350619356
3842,37.72522522522522,62.27477477477478,0.9442706889146237,1.0370781737665846,47.65797213706294,52.342027862937066,-4.684055725874124,64.66512702078522,35.33487297921478,1.1303292652417285,0.8257568345487434,57.78525113811733,42.21474886188267,15.570502276234663,10.12727900105439,20.254558002108787
3847,27.5284661754856,72.4715338245144,0.6890435660781007,1.20688747925002,36.3432819867587,63.6567180132413,-27.313436026482606,48.54368932038835,51.45631067961165,0.8485308111124626,1.2025060978525992,41.37082113947063,58.62917886052938,-17.25835772105875,5.027539152711931,10.055078305423855
3850,29.565217391304348,70.43478260869566,0.740023897202085,1.1729689265301189,38.684091650606184,61.315908349393816,-22.63181669878763,51.37614678899082,48.62385321100918,0.8980414162379237,1.1363131016405297,44.143801306296155,55.85619869370383,-11.712397387407677,5.45970965568997,10.919419311379954
4006,76.04395604395604,23.956043956043956,1.9033969534370367,0.3989462893516494,82.672162780193,17.327837219806998,65.34432556038601,92.37288135593221,7.627118644067797,1.6146534603999352,0.17824162979043165,90.0584462099505,9.941553790049491,80.116892419901,7.386283429757498,14.772566859514995
4016,53.04259634888438,46.95740365111562,1.3276678587644493,0.7819939710652364,62.93273357804613,37.06726642195385,25.86546715609228,78.94736842105263,21.05263157894737,1.3799790559671101,0.4919885921700804,73.71810390742264,26.28189609257735,47.43620781484529,10.785370329376512,21.57074065875301
4017,74.30555555555556,25.694444444444443,1.8598844066731322,0.42789632907970293,81.29644496115158,18.70355503884842,62.59288992230316,90.34749034749035,9.652509652509652,1.5792501628905462,0.22557392015520092,87.50161180393096,12.498388196069037,75.00322360786191,6.205166842779377,12.410333685558754
4018,26.69683257918552,73.30316742081448,0.6682275941597214,1.2207368918639243,35.375339192658416,64.62466080734157,-29.249321614683154,47.76119402985075,52.23880597014925,0.8348530010228886,1.2207925887802367,40.612691466083156,59.387308533916844,-18.774617067833688,5.23735227342474,10.474704546849466
4020,39.76083707025411,60.23916292974589,0.9952225013370166,1.003178595287574,49.80093851119288,50.19906148880712,-0.39812297761423565,56.34517766497462,43.65482233502538,0.9848987577105365,1.0201895426470955,49.119969306831415,50.88003069316859,-1.7600613863371777,-0.6809692043614675,-1.361938408722942
4042,36.007827788649706,63.992172211350294,0.9012838531596706,1.0656784441585154,45.82110467437568,54.17889532562432,-8.357790651248635,58.19672131147541,41.80327868852459,1.0172632494533507,0.976919970927885,51.01152386884875,48.98847613115125,2.023047737697496,5.1904191944730655,10.380838388946131
4044,30.666666666666668,69.33333333333333,0.7675934149409862,1.1546262025761498,39.932659512260095,60.067340487739905,-20.13468097547981,58.02469135802469,41.97530864197531,1.0142562115050446,0.9809402177218269,50.834905107466724,49.16509489253328,1.6698102149334417,10.90224559520663,21.804491190413252
4045,25.96336070751737,74.03663929248263,0.6498686318096046,1.2329515915064333,34.51570276131042,65.48429723868959,-30.96859447737917,40.0,60.0,0.6991893883566691,1.402167487684729,33.27323389608261,66.7267661039174,-33.45353220783479,-1.2424688652278135,-2.48493773045562
4046,21.722846441947567,78.27715355805243,0.5437276266069516,1.3035699888635226,29.433677716758904,70.56632228324109,-41.132644566482185,32.72251308900523,67.27748691099477,0.5719808478048667,1.572238413328863,26.6754831547609,73.3245168452391,-46.649033690478205,-2.7581945619980033,-5.516389123996021
4047,18.47345132743363,81.52654867256638,0.46239455185339806,1.3576830187924753,25.40521125642533,74.59478874357467,-49.189577487149336,27.705627705627705,72.2943722943723,0.48428702223838554,1.6894803062290746,22.2786963395855,77.72130366041449,-55.44260732082899,-3.1265149168398274,-6.253029833679655
4048,74.09326424870466,25.906735751295336,1.8545707085474377,0.4314316719470468,81.1272431022699,18.872756897730085,62.254486204539816,88.88888888888889,11.11111111111111,1.5537541963481536,0.2596606458675424,85.68112271815976,14.318877281840244,71.36224543631951,4.553879615889855,9.107759231779696
4050,80.26315789473684,19.736842105263158,2.0090045042076725,0.3286828132333422,85.93982990021352,14.06017009978648,71.87965980042705,90.07633587786259,9.923664122137405,1.574510454696316,0.2319106531794081,87.16187204808931,12.838127951910689,74.32374409617861,1.2220421478757828,2.4440842957515656
4053,37.5,62.5,0.9386332519658798,1.0408289085722504,47.41860039955025,52.58139960044975,-5.162799200899499,58.42696629213483,41.57303370786517,1.0212878706333368,0.9715392704931644,51.248191554437845,48.75180844556215,2.4963831088756976,3.829591154887595,7.659182309775197
4057,55.41922290388548,44.58077709611452,1.38715534441856,0.7424153850920264,65.13779163077402,34.86220836922598,30.275583261548036,72.32704402515724,27.67295597484277,1.2642575418398891,0.6467019859342565,66.15825837570068,33.8417416242993,32.31651675140138,1.0204667449266651,2.0409334898533444
4060,73.71601208459215,26.283987915407856,1.8451280038644486,0.4377141512787228,80.825912545352,19.174087454647996,61.651825090704,91.53046062407132,8.469539375928678,1.5999281694937155,0.19792854580988,88.99086094430741,11.009139055692586,77.98172188861483,8.164948398955417,16.329896797910827
4065,23.8788584740827,76.1211415259173,0.5976930822069667,1.267665354459109,32.0417283058592,67.95827169414079,-35.91654338828159,29.22705314009662,70.77294685990339,0.5108811352123005,1.6539254182432592,23.599389718994036,76.40061028100597,-52.801220562011935,-8.442338586865166,-16.884677173730346
4067,73.6470588235294,26.352941176470587,1.843402088566716,0.43886244803799357,80.77074585355112,19.229254146448884,61.54149170710224,88.0503144654088,11.949685534591195,1.539096137892039,0.2792576757443381,84.64228063591906,15.357719364080936,69.28456127183813,3.871534782367945,7.74306956473589
4068,67.46031746031746,32.53968253968254,1.6885465908380906,0.5418918762090447,75.70469285680622,24.295307143193792,51.40938571361242,93.16239316239316,6.837606837606837,1.6284539173264303,0.1597911666877184,91.06435867677442,8.935641323225587,82.12871735354884,15.3596658199682,30.719331639936414
4069,23.80952380952381,76.19047619047619,0.5959576202957967,1.2688200028309338,31.95864283788091,68.0413571621191,-36.08271432423819,40.44665012406948,59.55334987593052,0.7069967140331084,1.3917295163123862,33.68694324255536,66.31305675744464,-32.62611351488928,1.7283004046744495,3.456600809348906
4073,44.09090909090909,55.90909090909091,1.1036051568568526,0.931068769122813,54.239902657890646,45.760097342109354,8.479805315781292,54.54545454545455,45.45454545454545,0.9534400750318216,1.0622480967308552,47.30097087378641,52.69902912621358,-5.39805825242717,-6.938931784104234,-13.877863568208461
4077,62.16216216216216,37.83783783783784,1.5559325978533503,0.6301234473518489,71.17532971151702,28.824670288482967,42.35065942303406,73.63636363636364,26.363636363636363,1.2871441012929592,0.616103896103896,67.62881679389314,32.37118320610686,35.25763358778627,-3.546512917623886,-7.093025835247786
4086,31.60322952710496,68.39677047289504,0.7910357894306839,1.139029375378721,40.98492651199158,59.01507348800842,-18.030146976016837,51.31578947368421,48.68421052631579,0.8969863863786216,1.1377236193933107,44.084237254159525,55.915762745840475,-11.83152549168095,3.099310742167944,6.198621484335888
4087,78.48101265822785,21.518987341772153,1.9643970167724742,0.3583613457362685,84.57173369729199,15.428266302708,69.143467394584,95.23809523809524,4.761904761904762,1.6647366389444505,0.11128313394323246,93.73412753382279,6.265872466177217,87.46825506764557,9.162393836530796,18.32478767306158
4091,31.759656652360515,68.24034334763948,0.7949511947979984,1.1364243533939076,41.159845662445456,58.840154337554544,-17.68030867510909,45.730027548209364,54.269972451790636,0.7993487497741534,1.2682598488241121,38.66054485921908,61.33945514078093,-22.678910281561848,-2.499300803226376,-4.998601606452759
4092,77.73584905660377,22.264150943396228,1.945745407848767,0.370770750827247,83.99446731944413,16.005532680555874,67.98893463888825,96.1038961038961,3.896103896103896,1.6798706083894,0.09104983686264474,94.85861507179753,5.141384928202473,89.71723014359506,10.864147752353404,21.728295504706807
4093,75.23992322456814,24.760076775431862,1.8832718350383872,0.4123360589814059,82.03804490934327,17.961955090656726,64.07608981868654,94.26751592356688,5.732484076433121,1.6477711700125324,0.13396504659408237,92.4812076363793,7.51879236362069,84.9624152727586,10.443162727036025,20.886325454072065
4096,70.1470588235294,29.852941176470587,1.755796318383234,0.49714886691803956,77.93337937551469,22.06662062448531,55.86675875102938,82.41758241758242,17.582417582417584,1.4406374760096206,0.4108915714827045,77.80798675347772,22.19201324652228,55.61597350695544,-0.12539262203696921,-0.25078524407393843
4101,56.53923541247485,43.46076458752515,1.4151895039700186,0.723763522741589,66.16272009234858,33.83727990765143,32.32544018469715,79.1044776119403,20.895522388059703,1.3827252829441592,0.4883170355120947,73.9013366669872,26.09866333301279,47.80267333397441,7.738616574638627,15.47723314927726
4102,50.7163323782235,49.2836676217765,1.269440959678783,0.8207338556993791,60.733721903979166,39.266278096020834,21.467443807958333,63.829787234042556,36.170212765957444,1.1157277473776637,0.8452782727177444,56.89568190736001,43.10431809263999,13.791363814720015,-3.838039996619159,-7.676079993238318
4110,72.65625,27.34375,1.8186019256838921,0.45536264750035954,79.97494539403878,20.025054605961227,59.94989078807755,91.77215189873418,8.227848101265822,1.604152868856282,0.19228035168672442,89.29654887874963,10.703451121250362,78.59309775749927,9.321603484710849,18.643206969421712
4113,35.46511627906977,64.53488372093024,0.8876996646499018,1.0747163614094866,45.2350395054834,54.7649604945166,-9.5299209890332,51.61290322580645,48.38709677419355,0.9021798559440892,1.1307802320038138,44.37764721956551,55.622352780434476,-11.244705560868965,-0.8573922859178893,-1.7147845718357644
4115,16.78832116788321,83.21167883211679,0.4202153731428756,1.3857459337487479,23.268237892988974,76.73176210701102,-53.463524214022044,29.41176470588235,70.58823529411765,0.5141098443799038,1.6496088090408578,23.760475677700263,76.23952432229973,-52.479048644599466,0.4922377847112891,0.9844755694225782
4116,44.98546511627907,55.01453488372093,1.1259960910210847,0.916171492778132,55.13730116733609,44.86269883266392,10.274602334672174,60.29962546816479,39.70037453183521,1.0540214562305592,0.9277762402907695,53.185118646605275,46.81488135339472,6.3702372932105575,-1.9521825207308154,-3.9043650414616167
4121,37.95233892321271,62.04766107678729,0.9499553947521702,1.0332959897282148,47.89888978199604,52.10111021800396,-4.20222043600792,63.51791530944625,36.48208469055375,1.110276308872561,0.852566550600921,56.56470682377419,43.43529317622582,13.129413647548368,8.665817041778148,17.33163408355629
4122,71.93396226415095,28.066037735849058,1.8005229047144236,0.46739109479282187,79.39114556837812,20.608854431621875,58.78229113675624,87.28323699421965,12.716763005780347,1.5256878271944658,0.29718386058828555,83.69694024104544,16.30305975895456,67.39388048209088,4.305794672667318,8.611589345334636
4123,71.30242825607064,28.69757174392936,1.7847154695215846,0.47790819643052557,78.87814029252532,21.121859707474695,57.75628058505062,91.55844155844156,8.441558441558442,1.6004172688034148,0.19727464653573026,89.02622608176367,10.973773918236333,78.05245216352733,10.148085789238351,20.296171578476716
4124,55.56962025316456,44.43037974683544,1.3909198231663165,0.7399107785495896,65.27594554190478,34.72405445809524,30.551891083809537,78.15533980582525,21.844660194174757,1.3661346058910648,0.510497871729877,72.797131147541,27.202868852459016,45.594262295081975,7.521185605636219,15.042371211272439
4125,46.666666666666664,53.333333333333336,1.1680769357797616,0.8881740019816537,56.80614726193949,43.19385273806049,13.612294523879001,66.0,34.0,1.153662490788504,0.7945615763546797,59.21610918605474,40.78389081394527,18.432218372109467,2.409961924115244,4.8199238482304665
4128,36.34894991922456,63.65105008077544,0.9098222151527107,1.0599976477608184,46.18809223534822,53.81190776465178,-7.623815529303556,48.0,52.0,0.839027266028003,1.2152118226600985,40.843700747795175,59.15629925220482,-18.312598504409642,-5.344391487553047,-10.688782975106086
4137,40.289256198347104,59.710743801652896,1.0084489483930938,0.9943786928177863,50.35125977108047,49.64874022891952,0.7025195421609496,61.144578313253014,38.855421686746986,1.0687910078042457,0.9080301501572793,54.06614571580015,45.93385428419986,8.132291431600287,3.7148859447196756,7.429771889439337
4138,37.72241992882562,62.27758007117438,0.9442004717284295,1.0371248911040218,47.654993442299904,52.3450065577001,-4.690013115400198,57.95454545454545,42.04545454545455,1.0130300797213103,0.9825794894760411,50.76293957283229,49.237060427167705,1.5258791456645824,3.1079461305323832,6.215892261064781
4141,40.66130473637176,59.33869526362824,1.0177614051700334,0.9881828708374967,50.73727208393365,49.26272791606635,1.4745441678672933,55.714285714285715,44.285714285714285,0.9738709337825034,1.0349331456720618,48.48013520795572,51.51986479204429,-3.039729584088569,-2.2571368759779276,-4.514273751955862
4144,34.13516609392898,65.86483390607101,0.8544107188570665,1.0968643710039752,43.78730212344958,56.21269787655042,-12.425395753100844,53.896103896103895,46.103896103896105,0.9420895979481094,1.077423069541296,46.649353238238675,53.350646761761304,-6.701293523522629,2.8620511147890966,5.7241022295782145
4159,35.854765506807865,64.14523449319213,0.8974526705634432,1.0682274305225639,45.65608972017445,54.34391027982555,-8.687820559651101,56.395348837209305,43.604651162790695,0.9857757364912342,1.0190170695383205,49.17095340358588,50.829046596414116,-1.6580931928282396,3.514863683411427,7.029727366822861
4162,55.0,45.0,1.3766621028832904,0.7493968141720203,64.75183222062493,35.24816777937505,29.50366444124988,81.25,18.75,1.4202284450994842,0.4381773399014778,76.42186957025368,23.57813042974632,52.84373914050735,11.670037349628743,23.34007469925747
4178,39.130434782608695,60.869565217391305,0.9794433933557006,1.0136768500877569,49.14120944672881,50.858790553271184,-1.7175811065423758,56.22489959839358,43.77510040160642,0.9827963290153985,1.0230003758877875,48.99780354673757,51.00219645326244,-2.0043929065248705,-0.14340589999123665,-0.2868117999824946
4191,33.38607594936709,66.61392405063292,0.8356608276995807,1.1093391658453606,42.96456711943284,57.035432880567164,-14.070865761134321,49.66442953020134,50.33557046979866,0.8681210526576093,1.1763150064469203,42.46261695451848,57.53738304548153,-15.074766090963053,-0.5019501649143621,-1.0039003298287312
4202,48.57142857142857,51.42857142857143,1.2157535454034252,0.8564535019108803,58.669501533599586,41.330498466400414,17.339003067199172,76.41025641025641,23.58974358974359,1.3356310110915859,0.5512795250726286,70.78401362932176,29.215986370678237,41.568027258643525,12.114512095722176,24.229024191444353
4204,37.55364806866953,62.44635193133047,0.9399760749300657,1.0399354932000853,47.47565952239922,52.52434047760078,-5.0486809552015615,59.067357512953365,40.932642487046635,1.0324817392831642,0.9565736746726563,51.9081435358189,48.09185646418109,3.8162870716378094,4.432484013419682,8.864968026839371
4218,40.58252427184466,59.41747572815534,1.0157895128070882,0.9894948225960656,50.65563495776613,49.34436504223387,1.3112699155322645,59.44055944055944,40.55944055944056,1.0390052099705749,0.9478521478521478,52.29390050975567,47.70609949024433,4.587801019511346,1.6382655519895408,3.2765311039790816
4222,44.97607655502392,55.02392344497608,1.1257610932668924,0.9163278429535602,55.127916972630885,44.87208302736911,10.255833945261777,70.17543859649123,29.82456140350877,1.2266480497485424,0.6969838389076137,63.76729648651621,36.2327035134838,27.53459297303241,8.639379513885324,17.278759027770633
4231,75.60975609756098,24.390243902439025,1.8925288332320178,0.4061771350525855,82.33018312665308,17.66981687334692,64.66036625330617,90.41916167664671,9.580838323353293,1.580502958710435,0.2238990000294976,87.59151202729502,12.40848797270498,75.18302405459005,5.261328900641942,10.522657801283884
4232,47.41847826086956,52.58152173913044,1.1868949454206232,0.875653886124915,57.54505916503525,42.45494083496475,15.090118330070496,71.06227106227107,28.937728937728938,1.2421496459816284,0.6762590447319511,64.74895844636697,35.251041553633016,29.497916892733954,7.203899281331722,14.407798562663459
4234,37.74798927613941,62.25201072386059,0.9448404781182903,1.0366990780503016,47.68214064548818,52.317859354511825,-4.635718709023642,59.972862957937586,40.027137042062414,1.048309734238968,0.9354125030913502,52.84559070375584,47.154409296244154,5.691181407511685,5.163450058267657,10.326900116535327
4239,35.18518518518518,64.81481481481481,0.880692927770455,1.0793781274082597,44.931683749095285,55.068316250904715,-10.13663250180943,50.0,50.0,0.8739867354458365,1.1684729064039407,42.79089376053963,57.20910623946036,-14.41821247892073,-2.140789988555653,-4.281579977111299
4242,24.62908011869436,75.37091988130564,0.6164712950596876,1.255171716450334,32.93744006034169,67.0625599396583,-34.12511987931661,36.53846153846154,63.46153846153846,0.6386826143642651,1.4830617658203864,30.101770049636315,69.89822995036369,-39.79645990072737,-2.8356700107053783,-5.671340021410764
4243,42.39019407558733,57.60980592441267,1.0610358857768882,0.9593912227738497,52.515425143843686,47.484574856156314,5.030850287687372,64.73551637279597,35.26448362720403,1.1315596524412088,0.8241118735342655,57.86041456408664,42.13958543591336,15.720829128173278,5.344989420242953,10.689978840485907
4250,47.651006711409394,52.348993288590606,1.1927151837060843,0.8717815287907171,57.77268505618569,42.22731494381432,15.545370112371373,65.19174041297936,34.80825958702065,1.1395343276314447,0.8134501649301771,58.348355144222396,41.651644855777604,16.69671028844479,0.575670088036702,1.1513401760734183
4252,46.666666666666664,53.333333333333336,1.1680769357797616,0.8881740019816537,56.80614726193949,43.19385273806049,13.612294523879001,73.5042735042735,26.495726495726494,1.2848352008263577,0.6191907709149088,67.47991991156258,32.52008008843743,34.959839823125144,10.673772649623082,21.347545299246143
4253,53.81165919282511,46.18834080717489,1.3469176709824284,0.7691865656175196,63.65081869249453,36.34918130750547,27.301637384989064,79.34782608695652,20.652173913043477,1.3869789497292622,0.48263011351467117,74.1855063177076,25.814493682292394,48.37101263541521,10.534687625213074,21.06937525042615
4259,24.305555555555557,75.69444444444444,0.6083734040519592,1.2605594559375033,32.55191329106329,67.44808670893671,-34.89617341787342,42.42424242424242,57.57575757575758,0.7415645028025278,1.3455142558590834,35.53121796314355,64.46878203685644,-28.937564073712892,2.9793046720802536,5.958609344160529
4261,48.263118994826314,51.736881005173686,1.2080364888568011,0.8615878622327571,58.369843214341174,41.63015678565882,16.739686428682354,73.21016166281755,26.78983833718245,1.2796942038629568,0.6260640052787858,67.1488228529928,32.8511771470072,34.297645705985595,8.77897963865162,17.55795927730324
4272,37.254901960784316,62.745098039215684,0.9324983941098938,1.0449105905666514,47.15758860893551,52.84241139106449,-5.684822782128975,37.5,62.5,0.6554900515843773,1.460591133004926,30.9766022380468,69.02339776195319,-38.04679552390639,-16.18098637088871,-32.361972741777414
4276,42.7027027027027,57.2972972972973,1.0688580454818668,0.9541869345613712,52.83412163475586,47.16587836524413,5.668243269511727,65.0429799426934,34.95702005730659,1.1369340340756726,0.8169266165116378,58.189105437684205,41.810894562315795,16.37821087536841,5.354983802928345,10.709967605856683
4284,18.30065359477124,81.69934640522875,0.4580693865802986,1.3605606648003272,25.18760680505373,74.81239319494627,-49.624786389892535,26.829268292682926,73.17073170731707,0.4689684921904488,1.7099603508350354,21.522891566265063,78.47710843373494,-56.95421686746988,-3.6647152387886663,-7.329430477577347
4285,53.95348837209303,46.04651162790697,1.350467686549359,0.7668246470597416,63.78276939431291,36.21723060568709,27.565538788625815,70.9090909090909,29.09090909090909,1.239472097541368,0.6798387819077474,64.57901691763055,35.42098308236944,29.158033835261115,0.7962475233176463,1.5924950466352996
4290,40.7088122605364,59.2911877394636,1.0189505289540202,0.9873917155650928,50.786476322151394,49.2135236778486,1.572952644302795,58.38926174496644,41.61073825503356,1.0206288051515136,0.9724204053294542,51.20941318379252,48.79058681620747,2.418826367585048,0.4229368616411264,0.8458737232822529
4312,57.377049180327866,42.622950819672134,1.4361601669423296,0.7098111901082889,66.92354780150282,33.07645219849717,33.84709560300565,65.51724137931035,34.48275862068966,1.1452239981704064,0.8058433837268558,58.69730634606605,41.30269365393395,17.3946126921321,-8.22624145543677,-16.45248291087355
4328,43.005181347150256,56.994818652849744,1.0764291525135476,0.949149678283503,53.14180500642281,46.85819499357719,6.283610012845614,63.05732484076433,36.94267515923567,1.1022253096705452,0.8633303002729754,56.07703511895129,43.92296488104871,12.154070237902573,2.9352301125284797,5.870460225056959
4338,42.89008455034589,57.10991544965411,1.0735482543622055,0.9510664154578718,53.024818518064436,46.975181481935564,6.049637036128871,59.12596401028278,40.87403598971722,1.0335061653087012,0.9552040725872831,51.96866519891455,48.03133480108544,3.9373303978291077,-1.0561533191498853,-2.1123066382997635
4340,26.244725738396625,73.75527426160338,0.6569112604475693,1.2282659457784262,34.84612790129495,65.15387209870505,-30.307744197410102,49.843260188087775,50.156739811912225,0.8712469651152852,1.1721358308754264,42.63748167131214,57.362518328687855,-14.725036657375718,7.791353770017189,15.582707540034384
4344,36.70374115267948,63.29625884732052,0.918702717798758,1.0540892162042124,46.56865744248196,53.43134255751804,-6.862685115036086,54.14364640883978,45.85635359116022,0.9464165753999113,1.0716381351549955,46.89746865879935,53.10253134120066,-6.205062682401312,0.32881121631739063,0.6576224326347742
4350,59.15649278579356,40.84350721420644,1.4807000319580137,0.6801776485764052,68.52308417530665,31.476915824693354,37.0461683506133,80.0982800982801,19.9017199017199,1.4000966867584408,0.46509240991999606,75.064597431529,24.935402568471005,50.12919486305799,6.541513256222345,13.08302651244469
4369,35.37009438648783,64.62990561351216,0.8853212457687781,1.0762987859334308,45.13214748324806,54.86785251675195,-9.73570503350389,55.957767722473605,44.042232277526395,0.978126934692022,1.0292431030767744,48.72678760211126,51.273212397888734,-2.546424795777476,3.5946401188631967,7.189280237726415
4371,15.921288014311271,84.07871198568873,0.3985133425162233,1.4001848644835997,22.155653514601102,77.8443464853989,-55.6886929707978,27.2552783109405,72.7447216890595,0.47641503429293197,1.700004727551223,21.88985059983324,78.11014940016676,-56.220298800333524,-0.26580291476786044,-0.5316058295357209
4373,29.464285714285715,70.53571428571429,0.7374975551160484,1.1746497682458255,38.569076038524315,61.4309239614757,-22.861847922951384,42.30769230769231,57.69230769230769,0.7395272376849386,1.348237968927624,35.421954314720814,64.57804568527918,-29.156091370558364,-3.147121723803501,-6.294243447606981
4374,44.22158548233047,55.77841451766953,1.1068760156897863,0.9288925808690647,54.371406335709636,45.62859366429036,8.74281267141928,65.98240469208211,34.01759530791789,1.1533549294739778,0.7949727691663174,59.19717356987146,40.80282643012853,18.394347139742926,4.825767234161823,9.651534468323646
4375,29.357798165137616,70.64220183486239,0.7348321483280282,1.1764231333587272,38.44761897424351,61.55238102575649,-23.104762051512978,45.98290598290598,54.01709401709402,0.8037689977262564,1.2623502168329754,38.90235336191507,61.09764663808494,-22.19529327616987,0.45473438767155727,0.9094687753431074
4395,16.41337386018237,83.58662613981762,0.41083035952305985,1.3919900297014898,22.78820241764467,77.21179758235533,-54.42359516471066,34.0,66.0,0.5943109801031687,1.5423842364532019,27.814494809465472,72.18550519053453,-44.371010381069055,5.026292391820803,10.052584783641606
4397,46.44808743169399,53.55191256830601,1.162605849429505,0.8918140593668243,56.59046840675662,43.40953159324337,13.180936813513249,68.65671641791045,31.34328358208955,1.2001011889704023,0.732475553268142,62.098501070663815,37.901498929336185,24.19700214132763,5.508032663907194,11.016065327814381
4399,18.627450980392158,81.37254901960785,0.4662491970549469,1.355118422141126,25.598851771656232,74.40114822834377,-48.80229645668754,50.0,50.0,0.8739867354458365,1.1684729064039407,42.79089376053963,57.20910623946036,-14.41821247892073,17.1920419888834,34.384083977766814
4400,47.407407407407405,52.592592592592595,1.1866178395222973,0.8758382519541308,57.53421100338897,42.465788996611025,15.068422006777944,61.111111111111114,38.888888888888886,1.0682060099893558,0.9088122605363983,54.031165311653126,45.96883468834688,8.062330623306245,-3.503045691735842,-7.0060913834716985
4410,47.73391812865497,52.26608187134503,1.1947904747245994,0.8704007831919989,57.853744545186835,42.146255454813165,15.70748909037367,59.56043956043956,40.43956043956044,1.0411006826629525,0.9450506144102202,52.41799475181658,47.58200524818343,4.835989503633151,-5.435749793370256,-10.87149958674052
4429,43.10606060606061,56.89393939393939,1.0789541825627993,0.9474697095003152,53.24424898407162,46.75575101592838,6.4884979681432355,63.10679611650485,36.89320388349515,1.1030900544462012,0.8621741833660146,56.12935060957453,43.87064939042546,12.258701219149067,2.8851016255029123,5.770203251005832
4452,48.986265533028124,51.013734466971876,1.226137005838141,0.8495451130792468,59.071521340544024,40.92847865945599,18.143042681088033,67.3076923076923,32.69230769230769,1.1765206054078567,0.7640015157256537,60.62907464928149,39.3709253507185,21.25814929856299,1.557553308737468,3.1151066174749573
4454,35.67393058918483,64.32606941081518,0.8929263327821768,1.0712389218816254,45.46085573308928,54.53914426691072,-9.078288533821436,53.55555555555556,46.44444444444444,0.9361369032997626,1.0853814997263271,46.308601588707916,53.691398411292084,-7.382796822584169,0.8477458556186335,1.695491711237267
4456,35.10489510489511,64.8951048951049,0.8786832493927677,1.0807152191944598,44.84454098947617,55.15545901052383,-10.310918021047655,64.56692913385827,35.43307086614173,1.128612792229269,0.8280516659555486,57.68044630791088,42.319553692089116,15.360892615821761,12.835905318434705,25.671810636869417
4458,28.571428571428573,71.42857142857143,0.715149144354956,1.1895187526540005,37.54718318495358,62.45281681504641,-24.90563363009283,100.0,0.0,1.747973470891673,0.0,100.0,0.0,100.0,62.45281681504642,124.90563363009284
4475,74.28571428571429,25.714285714285715,1.8593877753228858,0.42822675095544016,81.28064208212065,18.719357917879357,62.56128416424129,94.44444444444444,5.555555555555555,1.6508638336199133,0.1298303229337712,92.70900494304749,7.290995056952503,85.41800988609499,11.428362860926839,22.8567257218537
4480,28.592162554426704,71.40783744557329,0.7156681205119625,1.1891734641916916,37.57100465776017,62.42899534223982,-24.857990684479653,48.86877828054298,51.13122171945702,0.8542132798927632,1.194908945010365,41.686790056320135,58.31320994367986,-16.626419887359724,4.115785398559964,8.231570797119929
4483,56.25,43.75,1.4079498779488198,0.7285802360005753,65.89890162354004,34.10109837645996,31.797803247080083,100.0,0.0,1.747973470891673,0.0,100.0,0.0,100.0,34.10109837645996,68.20219675291992
4485,45.588235294117645,54.411764705882355,1.1410835612134225,0.906133402757018,55.738281838011304,44.261718161988696,11.476563676022607,65.71428571428571,34.285714285714285,1.1486682808716706,0.8012385643912737,58.90887986070806,41.09112013929193,17.81775972141613,3.1705980226967583,6.341196045393524
4492,56.837606837606835,43.162393162393165,1.4226578063984274,0.7187946650652807,66.43424616498838,33.56575383501161,32.86849232997677,78.10218978102189,21.8978102189781,1.3652055575577298,0.5117399590090251,72.73549208050096,27.264507919499046,45.470984161001915,6.301245915512581,12.602491831025148
4493,49.81751824817518,50.18248175182482,1.246943444217446,0.8357020433791791,59.8730533661982,40.1269466338018,19.7461067323964,82.17821782178218,17.821782178217823,1.4364534463763254,0.4164853923816027,77.52298221236576,22.47701778763423,55.04596442473153,17.649928846167562,35.29985769233513
4494,55.26315789473684,44.73684210526316,1.383249002897086,0.7450143766622424,64.99425851999095,35.00574148000905,29.9885170399819,80.0,20.0,1.3983787767133382,0.4673891625615763,74.94923389329887,25.050766106701126,49.89846778659774,9.954975373307917,19.90995074661584
4496,69.70954356846472,30.29045643153527,1.7448452152726726,0.5044349233246425,77.57349497429806,22.426505025701942,55.146989948596115,79.59183673469387,20.408163265306122,1.391244191117862,0.47692771689956764,74.47088702850155,25.52911297149845,48.9417740570031,-3.102607945796507,-6.205215891593014
4499,49.09747292418773,50.90252707581227,1.2289205513103216,0.8476931471981938,59.1790640788399,40.82093592116009,18.358128157679808,67.29559748427673,32.704402515723274,1.176309191103201,0.7642841651950305,60.615954768961146,39.384045231038854,21.23190953792229,1.4368906901212455,2.873781380242484
4503,62.032085561497325,37.967914438502675,1.5526767519150382,0.6322896471326612,71.06181370073976,28.93818629926024,42.123627401479524,82.94573643410853,17.05426356589147,1.4498694681039457,0.39854889830832085,78.4383824814566,21.561617518543393,56.87676496291321,7.376568780716838,14.753137561433682
4508,45.129334067143645,54.870665932856355,1.1295971625199361,0.913775605368439,55.28101285636999,44.71898714363,10.562025712739988,63.333333333333336,36.666666666666664,1.1070498648980596,0.8568801313628899,56.36911025371215,43.63088974628784,12.738220507424309,1.0880973973421604,2.1761947946843208
4528,42.57481648785997,57.42518351214003,1.0656570253826816,0.9563166572720303,52.70380294878751,47.29619705121248,5.407605897575031,63.81578947368421,36.18421052631579,1.1154830702400809,0.8456053927923255,56.880813449650475,43.11918655034952,13.761626899300957,4.177010500862963,8.354021001725926
4531,35.281837160751564,64.71816283924844,0.883112147987383,1.077768556684418,45.0365055805469,54.963494419453106,-9.926988838906205,53.84615384615385,46.15384615384615,0.9412164843262855,1.078590375142099,46.59933101593757,53.400668984062435,-6.801337968124862,1.5628254353906712,3.1256508707813424
4532,22.404371584699454,77.59562841530055,0.5607863509012907,1.292220371735603,30.26358965947366,69.73641034052635,-39.47282068105269,30.131004366812228,69.86899563318778,0.5266819628450892,1.6328005679007034,24.389267120544652,75.61073287945534,-51.22146575891069,-5.8743225389290075,-11.748645077858
4533,40.660919540229884,59.339080459770116,1.017751763625839,0.9881892856099757,50.73687305085874,49.26312694914127,1.4737461017174738,57.27272727272727,42.72727272727273,1.0011120787834127,0.998513210927004,50.064983871472876,49.93501612852714,0.12996774294573754,-0.6718891793858646,-1.3437783587717362
4534,40.93767867352773,59.06232132647227,1.024679105633802,0.983580343103611,51.0232433502561,48.97675664974388,2.0464867005122187,57.10843373493976,42.89156626506024,0.9982402713284976,1.0023526618790433,49.89722070686434,50.102779293135676,-0.20555858627133716,-1.1260226433917637,-2.252045286783556
4540,42.10526315789474,57.89473684210526,1.0539040022073036,0.9641362521511372,52.22413179970744,47.77586820029254,4.448263599414901,62.857142857142854,37.142857142857146,1.0987261817033371,0.8680084447572133,55.865502489304745,44.13449751069526,11.731004978609484,3.641370689597302,7.282741379194583
4551,40.62788550323177,59.37211449676823,1.016924914410556,0.9887394101007675,50.70264759574501,49.29735240425499,1.4052951914900262,61.28048780487805,38.71951219512195,1.0711666696622753,0.9048540189835396,54.20827199923477,45.79172800076523,8.416543998469535,3.5056244034897546,7.011248806979509
4565,25.0,75.0,0.6257555013105865,1.2489946902867004,33.37807373565023,66.62192626434975,-33.24385252869952,0.0,100.0,0.0,2.3369458128078815,0.0,100.0,-100.0,-33.37807373565023,-66.75614747130048
4568,22.22222222222222,77.77777777777777,0.5562271122760769,1.2952537528899115,30.042282517794757,69.95771748220524,-39.91543496441048,54.54545454545455,45.45454545454545,0.9534400750318216,1.0622480967308552,47.30097087378641,52.69902912621358,-5.39805825242717,17.258688355991655,34.51737671198331
4572,68.42105263157895,31.57894736842105,1.7125940035868683,0.5258925011733475,76.50678259372931,23.493217406270695,53.01356518745862,81.81818181818181,18.181818181818183,1.4301601125477323,0.42489923869234214,77.09511351168875,22.904886488311245,54.1902270233775,0.5883309179594391,1.1766618359188854
4588,40.95063985374772,59.04936014625228,1.0250035268268474,0.9833644971666161,51.03663843386222,48.96336156613776,2.0732768677244593,62.31884057971015,37.68115942028985,1.0893168007006078,0.8805882772899263,55.297933533518325,44.702066466481675,10.59586706703665,4.2612950996561025,8.52259019931219
4591,48.65749836280288,51.34250163719712,1.2179078912213905,0.8550201590786056,58.75302285793922,41.24697714206078,17.506045715878443,64.2570281124498,35.7429718875502,1.123195804589027,0.8352938848992026,57.35010046861813,42.64989953138187,14.70020093723626,-1.4029223893210911,-2.8058447786421823
4593,52.406417112299465,47.593582887700535,1.311744152479946,0.7925884309127725,62.335400916763895,37.66459908323611,24.670801833527783,89.36170212765957,10.638297872340425,1.5620188463287288,0.24861125668168954,86.26935141151472,13.730648588485277,72.53870282302944,23.933950494750825,47.867900989501656
4595,37.03703703703704,62.96296296296296,0.9270451871267948,1.0485387523394523,46.92512267422355,53.07487732577645,-6.149754651552897,0.0,100.0,0.0,2.3369458128078815,0.0,100.0,-100.0,-46.92512267422355,-93.8502453484471
4596,72.34042553191489,27.659574468085108,1.8106967697497822,0.4606221552830385,79.72005823548612,20.279941764513868,59.44011647097226,94.73684210526316,5.2631578947368425,1.6559748671605323,0.1229971480425201,93.08605492433892,6.913945075661079,86.17210984867785,13.365996688852803,26.731993377705592
4599,41.223021582733814,58.776978417266186,1.031821301441629,0.9788284527234861,51.31780407324466,48.68219592675534,2.635608146489318,60.676532769556026,39.323467230443974,1.0606096958687317,0.9189681208927399,53.577570272223824,46.42242972777617,7.155140544447654,2.2597661989791646,4.519532397958336
4620,66.66666666666667,33.333333333333336,1.668681336828231,0.5551087512385335,75.03771807342152,24.962281926578473,50.075436146843046,100.0,0.0,1.747973470891673,0.0,100.0,0.0,100.0,24.962281926578484,49.924563853156954
4634,58.047016274864376,41.952983725135624,1.4529295907464612,0.6986540521917167,67.528380572849,32.47161942715101,35.05676114569799,77.10843373493977,22.89156626506024,1.3478349655068322,0.5349634993174669,71.58678906361924,28.413210936380764,43.17357812723847,4.058408490770233,8.116816981540481
4638,45.48494983277592,54.51505016722408,1.1384983033878229,0.9078534426610131,55.63551357121634,44.36448642878364,11.2710271424327,64.25855513307985,35.741444866920155,1.1232224965045352,0.835258199254528,57.3517267204515,42.6482732795485,14.703453440903004,1.716213149235159,3.432426298470304
4640,61.81229773462783,38.18770226537217,1.547175414243651,0.6359498315159898,70.86975047578159,29.130249524218414,41.73950095156317,87.67123287671232,12.32876712328767,1.5324698922885898,0.28811660705850595,84.17451699428557,15.825483005714434,68.34903398857114,13.304766518503982,26.609533037007964
4649,33.20079522862823,66.79920477137176,0.8310232104880155,1.1124246943308982,42.760251428784684,57.23974857121532,-14.479497142430638,48.194945848375454,51.805054151624546,0.8424348677402106,1.2106560438192455,41.03251653383077,58.96748346616924,-17.93496693233847,-1.7277348949539117,-3.4554697899078306
4650,44.7101016138673,55.2898983861327,1.1191036819613118,0.920757193476946,54.86176510546955,45.13823489453045,9.723530210939103,60.731319554848966,39.268680445151034,1.0615673543412067,0.9176877834078645,53.634689843396615,46.36531015660339,7.269379686793222,-1.2270752620729368,-2.4541505241458808
4682,58.208955223880594,41.791044776119406,1.4569829582753955,0.6959572403587585,67.67410256911545,32.32589743088454,35.34820513823091,77.77777777777777,22.22222222222222,1.3595349218046344,0.5193212917350848,72.35971076484368,27.640289235156327,44.71942152968735,4.685608195728236,9.371216391456443
4685,,,,,,,,100.0,0.0,1.747973470891673,0.0,100.0,0.0,100.0,,
4687,66.15384615384616,33.84615384615385,1.6558453265449369,0.5636488858729726,74.60462466090708,25.395375339092926,49.209249321814156,94.44444444444444,5.555555555555555,1.6508638336199133,0.1298303229337712,92.70900494304749,7.290995056952503,85.41800988609499,18.10438028214041,36.20876056428084
4689,44.44444444444444,55.55555555555556,1.1124542245521538,0.9251812520642226,54.595350214428684,45.404649785571316,9.190700428857369,60.0,40.0,1.0487840825350037,0.9347783251231526,52.87376280604272,47.12623719395729,5.7475256120854326,-1.7215874083859646,-3.4431748167719363
4694,43.3389544688027,56.6610455311973,1.0847835671960926,0.9435912668607788,53.4804292077742,46.51957079222579,6.960858415548408,66.42857142857143,33.57142857142857,1.1611538056637543,0.7845460942997888,59.67794959980781,40.32205040019219,19.35589919961562,6.19752039203361,12.395040784067213
4702,42.11853720050441,57.88146279949559,1.0542362544148092,0.9639151960346288,52.23771754989116,47.76228245010883,4.475435099782331,64.55223880597015,35.44776119402985,1.1283560091949978,0.8283949709580177,57.66477291386162,42.33522708613838,15.329545827723237,5.42705536397046,10.854110727940906
4703,51.20147874306839,48.79852125693161,1.281584279948484,0.8126545859166702,61.19570698632064,38.80429301367938,22.39141397264126,75.75757575757575,24.242424242424242,1.3242223264330855,0.5665323182564561,70.03670889569706,29.963291104302943,40.07341779139412,8.841001909376423,17.68200381875286
4705,45.235892691951896,54.764107308048104,1.1322643483473702,0.912001056613909,55.3873457722001,44.61265422779991,10.774691544400191,69.46308724832215,30.536912751677853,1.2141963371630078,0.7136311039111317,62.98262548262548,37.01737451737451,25.965250965250966,7.59527971042538,15.190559420850775
4707,56.8141592920354,43.1858407079646,1.4220709091730852,0.7191851431975337,66.41293121384003,33.58706878615999,32.825862427680036,79.28994082840237,20.71005917159763,1.3859671307661785,0.4839828606406855,74.11787144764448,25.882128552355518,48.23574289528896,7.70494023380445,15.409880467608922
4711,41.5650406504065,58.4349593495935,1.040382113967601,0.9731327193968196,51.66995031415818,48.330049685841814,3.3399006283163644,56.676557863501486,43.323442136498514,0.9906911956685743,1.0124453669731475,49.456997298379804,50.5430027016202,-1.0860054032403994,-2.2129530157783748,-4.425906031556764
4713,44.17139256458727,55.82860743541273,1.105619675913601,0.929728456705748,54.32091238813021,45.679087611869775,8.641824776260435,62.5,37.5,1.0924834193072956,0.8763546798029556,55.48873824622787,44.51126175377214,10.977476492455729,1.1678258580976575,2.3356517161952937
4724,16.822429906542055,83.17757009345794,0.4210691223772171,1.385177911969051,23.311823597241997,76.688176402758,-53.37635280551601,30.656934306569344,69.34306569343066,0.5358750786675202,1.6205098701952465,24.85062228569763,75.14937771430237,-50.29875542860475,1.538798688455632,3.077597376911257
4730,36.99211643420254,63.00788356579746,0.9259208145529599,1.0492868269317823,46.877138135054764,53.12286186494523,-6.245723729890464,51.794071762870516,48.205928237129484,0.9053466339095716,1.1265464214627698,44.55680536511643,55.44319463488357,-10.886389269767136,-2.3203327699383323,-4.640665539876672
4733,49.73432518597237,50.26567481402763,1.2448611035636747,0.8370874792853126,59.79307624687722,40.20692375312277,19.586152493754447,63.25088339222615,36.74911660777385,1.1056086618007401,0.8588069418092568,56.281810212104226,43.718189787895774,12.563620424208452,-3.5112660347729943,-7.022532069545996
4736,24.751381215469614,75.2486187845304,0.6195325184246249,1.2531350041771536,33.08288903114426,66.91711096885572,-33.83422193771146,35.49488054607509,64.50511945392492,0.6204410954700819,1.5074496881252206,29.157562984589806,70.84243701541021,-41.68487403082041,-3.9253260465544564,-7.850652093108948
4829,47.01030927835052,52.98969072164948,1.176678385969598,0.8824512313503285,57.144454437069946,42.85554556293007,14.288908874139878,68.84615384615384,31.153846153846153,1.2034125049600362,0.728048503220917,62.3058140890666,37.6941859109334,24.611628178133202,5.161359651996655,10.322719303993324
4830,30.42212518195051,69.5778748180495,0.7614724877665944,1.158698616122354,39.6564913524828,60.3435086475172,-20.687017295034394,39.03345724907063,60.96654275092937,0.6822944774855971,1.424755068031571,32.38151086371963,67.61848913628036,-35.23697827256073,-7.27498048876317,-14.549960977526332
4832,40.06849315068493,59.93150684931507,1.002923200730666,0.9980551178090072,50.12164257045053,49.878357429549474,0.24328514090105813,72.10526315789474,27.894736842105264,1.2603808711166273,0.6518848846253564,65.91034051266494,34.08965948733505,31.820681025329897,15.788697942214412,31.57739588442884
4833,23.668639053254438,76.33136094674556,0.5924312438443423,1.2711661936645708,31.789657568763904,68.2103424312361,-36.4206848624722,48.13895781637717,51.86104218362283,0.8414562117940063,1.2119644537887029,40.978267429446674,59.02173257055334,-18.043465141106665,9.18860986068277,18.377219721365535
4836,48.92857142857143,51.07142857142857,1.2246929097078623,0.8505059081476103,59.01569040856866,40.98430959143134,18.031380817137318,62.20238095238095,37.79761904761905,1.087281117310594,0.8833098756744077,55.17538247059619,44.82461752940381,10.35076494119238,-3.8403079379724687,-7.680615875944937
4844,39.88522238163558,60.11477761836442,0.998335893052184,1.0011071740413726,49.930698677176714,50.069301322823286,-0.13860264564657143,61.170212765957444,38.829787234042556,1.0692390912369276,0.9074310868881669,54.09294393519506,45.90705606480494,8.185887870390118,4.162245258018345,8.32449051603669
4849,45.496997998665776,54.503002001334224,1.1387998716312742,0.9076528013913581,55.64750588388905,44.35249411611095,11.295011767778107,64.80938416422288,35.19061583577712,1.1328508418388847,0.8223856232755008,57.939326626286636,42.06067337371337,15.878653252573265,2.291820742397583,4.583641484795159
1064,,,,,,,,,,,,,,,,
1420,,,,,,,,,,,,,,,,
1434,,,,,,,,,,,,,,,,
1455,0.0,100.0,0.0,1.6653262537156006,0.0,100.0,-100.0,,,,,,,,,
1457,100.0,0.0,2.503022005242346,0.0,100.0,0.0,100.0,,,,,,,,,
1491,100.0,0.0,2.503022005242346,0.0,100.0,0.0,100.0,,,,,,,,,
1544,100.0,0.0,2.503022005242346,0.0,100.0,0.0,100.0,,,,,,,,,
1547,,,,,,,,,,,,,,,,
1549,,,,,,,,,,,,,,,,
1586,50.0,50.0,1.251511002621173,0.8326631268578003,60.04829370634405,39.95170629365597,20.09658741268808,,,,,,,,,
1607,,,,,,,,,,,,,,,,
1623,,,,,,,,,,,,,,,,
1625,,,,,,,,,,,,,,,,
1672,,,,,,,,,,,,,,,,
1674,,,,,,,,,,,,,,,,
1679,,,,,,,,,,,,,,,,
3185,,,,,,,,,,,,,,,,
3325A,31.26984126984127,68.73015873015873,0.7826910079884797,1.1445813775537383,40.61133308711201,59.388666912888,-18.77733382577599,,,,,,,,,
3325B,,,,,,,,,,,,,,,,
3406,,,,,,,,,,,,,,,,
3409,0.0,100.0,0.0,1.6653262537156006,0.0,100.0,-100.0,,,,,,,,,
3447,,,,,,,,,,,,,,,,
3560,,,,,,,,,,,,,,,,
3575,,,,,,,,,,,,,,,,
3580,,,,,,,,,,,,,,,,
3583,,,,,,,,,,,,,,,,
3584,,,,,,,,,,,,,,,,
3585,,,,,,,,,,,,,,,,
3590,,,,,,,,,,,,,,,,
3653,,,,,,,,,,,,,,,,
3654,,,,,,,,,,,,,,,,
3661,,,,,,,,,,,,,,,,
3664,,,,,,,,,,,,,,,,
3750,,,,,,,,,,,,,,,,
3822,,,,,,,,,,,,,,,,
4051,0.0,100.0,0.0,1.6653262537156006,0.0,100.0,-100.0,,,,,,,,,
4245A,67.74193548387096,32.25806451612903,1.6955955519383634,0.5372020173276131,75.94040656788174,24.059593432118266,51.880813135763475,,,,,,,,,
4245B,,,,,,,,,,,,,,,,
4362,0.0,100.0,0.0,1.6653262537156006,0.0,100.0,-100.0,,,,,,,,,
4370,,,,,,,,,,,,,,,,
4478,,,,,,,,,,,,,,,,
4487,,,,,,,,,,,,,,,,
4512,,,,,,,,,,,,,,,,
4563,,,,,,,,,,,,,,,,
4573,,,,,,,,,,,,,,,,
4592,,,,,,,,,,,,,,,,
4602,,,,,,,,,,,,,,,,
4604,0.0,100.0,0.0,1.6653262537156006,0.0,100.0,-100.0,,,,,,,,,
4615,,,,,,,,,,,,,,,,
4629,,,,,,,,,,,,,,,,
4632,,,,,,,,,,,,,,,,
4666,,,,,,,,,,,,,,,,
4683,,,,,,,,,,,,,,,,
4686,,,,,,,,,,,,,,,,
4737A,44.15405777166438,55.84594222833562,1.1051857822321776,0.9300171375633203,54.30346878350731,45.69653121649268,8.606937567014633,,,,,,,,,
4737B,50.0,50.0,1.251511002621173,0.8326631268578003,60.04829370634405,39.95170629365597,20.09658741268808,,,,,,,,,
4820,,,,,,,,,,,,,,,,
4846A,47.89410348977136,52.10589651022864,1.1987999495625197,0.8677331743187184,58.01019764498164,41.98980235501835,16.02039528996329,,,,,,,,,
4846B,,,,,,,,,,,,,,,,
3325,,,,,,,,44.221105527638194,55.778894472361806,0.7729731931581267,1.303522538802386,37.22488716258174,62.77511283741825,-25.55022567483651,,
4245,,,,,,,,100.0,0.0,1.747973470891673,0.0,100.0,0.0,100.0,,
4737,,,,,,,,60.08064516129032,39.91935483870968,1.0501937385599163,0.9328936914031464,52.957510732619454,47.04248926738054,5.915021465238915,,
4846,,,,,,,,64.08450704225352,35.91549295774648,1.1201801820502975,0.839325608825366,57.166464486420914,42.833535513579086,14.332928972841827,,
